filename,width,height,class,xmin,ymin,xmax,ymax
1125506397_15801322206131n_jpg.rf.0a60284a71b2d0ed77c002e768b39b00.jpg,900,630,mask,44,106,89,175
1125506397_15801322206131n_jpg.rf.0a60284a71b2d0ed77c002e768b39b00.jpg,900,630,mask,138,134,185,192
1125506397_15801322206131n_jpg.rf.0a60284a71b2d0ed77c002e768b39b00.jpg,900,630,mask,489,97,554,167
1125506397_15801322206131n_jpg.rf.0a60284a71b2d0ed77c002e768b39b00.jpg,900,630,mask,688,78,760,164
1125506397_15801322206131n_jpg.rf.0a60284a71b2d0ed77c002e768b39b00.jpg,900,630,mask,290,55,428,202
1249493_jpg.rf.0bab72e6f8295a2ba03052383e7c3b7b.jpg,1012,645,no-mask,601,84,648,150
1249493_jpg.rf.0bab72e6f8295a2ba03052383e7c3b7b.jpg,1012,645,mask,724,74,781,160
1249493_jpg.rf.0bab72e6f8295a2ba03052383e7c3b7b.jpg,1012,645,mask,663,67,733,183
1249493_jpg.rf.0bab72e6f8295a2ba03052383e7c3b7b.jpg,1012,645,mask,392,61,466,147
1249493_jpg.rf.0bab72e6f8295a2ba03052383e7c3b7b.jpg,1012,645,mask,65,0,166,131
pollution-mask-CE5HYF_jpg.rf.1d7683c780033e0e32a5ad9d0e1aef33.jpg,1300,966,mask,820,265,1053,604
pollution-mask-CE5HYF_jpg.rf.1d7683c780033e0e32a5ad9d0e1aef33.jpg,1300,966,mask,489,117,848,574
130624011830-malaysia-smog-students-horizontal-large-gallery_jpg.rf.1d1478ec7b2667aa240401f636d513c4.jpg,980,552,mask,741,138,773,181
130624011830-malaysia-smog-students-horizontal-large-gallery_jpg.rf.1d1478ec7b2667aa240401f636d513c4.jpg,980,552,mask,891,110,937,171
130624011830-malaysia-smog-students-horizontal-large-gallery_jpg.rf.1d1478ec7b2667aa240401f636d513c4.jpg,980,552,mask,848,109,894,171
130624011830-malaysia-smog-students-horizontal-large-gallery_jpg.rf.1d1478ec7b2667aa240401f636d513c4.jpg,980,552,mask,772,92,828,160
130624011830-malaysia-smog-students-horizontal-large-gallery_jpg.rf.1d1478ec7b2667aa240401f636d513c4.jpg,980,552,mask,675,83,720,152
130624011830-malaysia-smog-students-horizontal-large-gallery_jpg.rf.1d1478ec7b2667aa240401f636d513c4.jpg,980,552,mask,621,79,673,150
130624011830-malaysia-smog-students-horizontal-large-gallery_jpg.rf.1d1478ec7b2667aa240401f636d513c4.jpg,980,552,mask,485,37,553,121
130624011830-malaysia-smog-students-horizontal-large-gallery_jpg.rf.1d1478ec7b2667aa240401f636d513c4.jpg,980,552,mask,373,15,450,114
130624011830-malaysia-smog-students-horizontal-large-gallery_jpg.rf.1d1478ec7b2667aa240401f636d513c4.jpg,980,552,mask,346,139,394,199
130624011830-malaysia-smog-students-horizontal-large-gallery_jpg.rf.1d1478ec7b2667aa240401f636d513c4.jpg,980,552,mask,236,147,292,204
130624011830-malaysia-smog-students-horizontal-large-gallery_jpg.rf.1d1478ec7b2667aa240401f636d513c4.jpg,980,552,mask,2,101,55,161
130624011830-malaysia-smog-students-horizontal-large-gallery_jpg.rf.1d1478ec7b2667aa240401f636d513c4.jpg,980,552,mask,89,5,172,101
11893820-3x2-xlarge_jpg.rf.1529b09bfee7d069f677ff513f6249eb.jpg,862,575,mask,385,0,474,94
11893820-3x2-xlarge_jpg.rf.1529b09bfee7d069f677ff513f6249eb.jpg,862,575,no-mask,500,257,610,423
11893820-3x2-xlarge_jpg.rf.1529b09bfee7d069f677ff513f6249eb.jpg,862,575,mask,94,4,163,75
11893820-3x2-xlarge_jpg.rf.1529b09bfee7d069f677ff513f6249eb.jpg,862,575,mask,752,101,843,210
11893820-3x2-xlarge_jpg.rf.1529b09bfee7d069f677ff513f6249eb.jpg,862,575,no-mask,603,83,687,181
11893820-3x2-xlarge_jpg.rf.1529b09bfee7d069f677ff513f6249eb.jpg,862,575,no-mask,815,3,860,78
11893820-3x2-xlarge_jpg.rf.1529b09bfee7d069f677ff513f6249eb.jpg,862,575,no-mask,697,19,768,109
11893820-3x2-xlarge_jpg.rf.1529b09bfee7d069f677ff513f6249eb.jpg,862,575,no-mask,591,7,674,85
11893820-3x2-xlarge_jpg.rf.1529b09bfee7d069f677ff513f6249eb.jpg,862,575,no-mask,451,80,535,175
11893820-3x2-xlarge_jpg.rf.1529b09bfee7d069f677ff513f6249eb.jpg,862,575,no-mask,494,5,580,98
11893820-3x2-xlarge_jpg.rf.1529b09bfee7d069f677ff513f6249eb.jpg,862,575,no-mask,37,3,109,104
11893820-3x2-xlarge_jpg.rf.1529b09bfee7d069f677ff513f6249eb.jpg,862,575,no-mask,163,6,236,101
11893820-3x2-xlarge_jpg.rf.1529b09bfee7d069f677ff513f6249eb.jpg,862,575,no-mask,242,254,379,429
11893820-3x2-xlarge_jpg.rf.1529b09bfee7d069f677ff513f6249eb.jpg,862,575,no-mask,135,170,233,314
11893820-3x2-xlarge_jpg.rf.1529b09bfee7d069f677ff513f6249eb.jpg,862,575,no-mask,3,173,111,321
11893820-3x2-xlarge_jpg.rf.1529b09bfee7d069f677ff513f6249eb.jpg,862,575,mask,590,348,699,493
11893820-3x2-xlarge_jpg.rf.1529b09bfee7d069f677ff513f6249eb.jpg,862,575,mask,653,184,752,330
11893820-3x2-xlarge_jpg.rf.1529b09bfee7d069f677ff513f6249eb.jpg,862,575,mask,367,92,468,239
11893820-3x2-xlarge_jpg.rf.1529b09bfee7d069f677ff513f6249eb.jpg,862,575,mask,529,143,639,288
11893820-3x2-xlarge_jpg.rf.1529b09bfee7d069f677ff513f6249eb.jpg,862,575,mask,105,346,262,565
r1p00017o80q34s9781_jpg.rf.1ef0de5c875f7e73138d8c9f988eb12e.jpg,640,959,no-mask,55,132,148,261
r1p00017o80q34s9781_jpg.rf.1ef0de5c875f7e73138d8c9f988eb12e.jpg,640,959,mask,328,43,547,345
1024x576_939430607723_jpg.rf.37f5013ec76b10fb64a6d8623a22ab92.jpg,1024,576,mask,799,98,909,231
1024x576_939430607723_jpg.rf.37f5013ec76b10fb64a6d8623a22ab92.jpg,1024,576,mask,596,157,677,253
1024x576_939430607723_jpg.rf.37f5013ec76b10fb64a6d8623a22ab92.jpg,1024,576,mask,481,55,569,168
1024x576_939430607723_jpg.rf.37f5013ec76b10fb64a6d8623a22ab92.jpg,1024,576,mask,365,79,453,183
1024x576_939430607723_jpg.rf.37f5013ec76b10fb64a6d8623a22ab92.jpg,1024,576,mask,118,121,204,227
1024x576_939430607723_jpg.rf.37f5013ec76b10fb64a6d8623a22ab92.jpg,1024,576,mask,5,93,78,194
0_8w7mkX-PHcfMM5s6_jpeg.rf.039eb72a4757882968537a6ae94d198f.jpg,2000,1388,mask,1387,242,1443,309
0_8w7mkX-PHcfMM5s6_jpeg.rf.039eb72a4757882968537a6ae94d198f.jpg,2000,1388,no-mask,185,738,256,823
0_8w7mkX-PHcfMM5s6_jpeg.rf.039eb72a4757882968537a6ae94d198f.jpg,2000,1388,no-mask,292,826,359,910
0_8w7mkX-PHcfMM5s6_jpeg.rf.039eb72a4757882968537a6ae94d198f.jpg,2000,1388,mask,2,610,64,696
0_8w7mkX-PHcfMM5s6_jpeg.rf.039eb72a4757882968537a6ae94d198f.jpg,2000,1388,mask,210,603,305,689
0_8w7mkX-PHcfMM5s6_jpeg.rf.039eb72a4757882968537a6ae94d198f.jpg,2000,1388,mask,110,592,179,670
0_8w7mkX-PHcfMM5s6_jpeg.rf.039eb72a4757882968537a6ae94d198f.jpg,2000,1388,mask,148,198,211,260
0_8w7mkX-PHcfMM5s6_jpeg.rf.039eb72a4757882968537a6ae94d198f.jpg,2000,1388,mask,146,236,201,301
0_8w7mkX-PHcfMM5s6_jpeg.rf.039eb72a4757882968537a6ae94d198f.jpg,2000,1388,mask,307,477,371,554
0_8w7mkX-PHcfMM5s6_jpeg.rf.039eb72a4757882968537a6ae94d198f.jpg,2000,1388,mask,230,463,299,541
0_8w7mkX-PHcfMM5s6_jpeg.rf.039eb72a4757882968537a6ae94d198f.jpg,2000,1388,mask,462,291,518,351
0_8w7mkX-PHcfMM5s6_jpeg.rf.039eb72a4757882968537a6ae94d198f.jpg,2000,1388,mask,417,347,474,416
0_8w7mkX-PHcfMM5s6_jpeg.rf.039eb72a4757882968537a6ae94d198f.jpg,2000,1388,no-mask,249,356,313,430
0_8w7mkX-PHcfMM5s6_jpeg.rf.039eb72a4757882968537a6ae94d198f.jpg,2000,1388,no-mask,399,305,454,372
0_8w7mkX-PHcfMM5s6_jpeg.rf.039eb72a4757882968537a6ae94d198f.jpg,2000,1388,no-mask,498,359,557,428
0_8w7mkX-PHcfMM5s6_jpeg.rf.039eb72a4757882968537a6ae94d198f.jpg,2000,1388,no-mask,572,332,634,399
0_8w7mkX-PHcfMM5s6_jpeg.rf.039eb72a4757882968537a6ae94d198f.jpg,2000,1388,no-mask,660,285,715,363
0_8w7mkX-PHcfMM5s6_jpeg.rf.039eb72a4757882968537a6ae94d198f.jpg,2000,1388,mask,485,505,554,584
0_8w7mkX-PHcfMM5s6_jpeg.rf.039eb72a4757882968537a6ae94d198f.jpg,2000,1388,mask,647,453,720,539
0_8w7mkX-PHcfMM5s6_jpeg.rf.039eb72a4757882968537a6ae94d198f.jpg,2000,1388,mask,703,359,770,436
0_8w7mkX-PHcfMM5s6_jpeg.rf.039eb72a4757882968537a6ae94d198f.jpg,2000,1388,mask,616,242,675,311
0_8w7mkX-PHcfMM5s6_jpeg.rf.039eb72a4757882968537a6ae94d198f.jpg,2000,1388,mask,501,171,550,225
0_8w7mkX-PHcfMM5s6_jpeg.rf.039eb72a4757882968537a6ae94d198f.jpg,2000,1388,mask,567,135,619,194
0_8w7mkX-PHcfMM5s6_jpeg.rf.039eb72a4757882968537a6ae94d198f.jpg,2000,1388,mask,607,92,655,150
0_8w7mkX-PHcfMM5s6_jpeg.rf.039eb72a4757882968537a6ae94d198f.jpg,2000,1388,mask,696,1,744,51
0_8w7mkX-PHcfMM5s6_jpeg.rf.039eb72a4757882968537a6ae94d198f.jpg,2000,1388,mask,681,47,728,101
0_8w7mkX-PHcfMM5s6_jpeg.rf.039eb72a4757882968537a6ae94d198f.jpg,2000,1388,mask,756,59,806,118
0_8w7mkX-PHcfMM5s6_jpeg.rf.039eb72a4757882968537a6ae94d198f.jpg,2000,1388,no-mask,782,125,832,182
0_8w7mkX-PHcfMM5s6_jpeg.rf.039eb72a4757882968537a6ae94d198f.jpg,2000,1388,mask,766,244,824,309
0_8w7mkX-PHcfMM5s6_jpeg.rf.039eb72a4757882968537a6ae94d198f.jpg,2000,1388,mask,836,111,889,171
0_8w7mkX-PHcfMM5s6_jpeg.rf.039eb72a4757882968537a6ae94d198f.jpg,2000,1388,mask,813,44,862,99
0_8w7mkX-PHcfMM5s6_jpeg.rf.039eb72a4757882968537a6ae94d198f.jpg,2000,1388,mask,887,2,930,45
0_8w7mkX-PHcfMM5s6_jpeg.rf.039eb72a4757882968537a6ae94d198f.jpg,2000,1388,mask,925,65,970,114
0_8w7mkX-PHcfMM5s6_jpeg.rf.039eb72a4757882968537a6ae94d198f.jpg,2000,1388,mask,993,80,1038,118
0_8w7mkX-PHcfMM5s6_jpeg.rf.039eb72a4757882968537a6ae94d198f.jpg,2000,1388,mask,970,158,1026,215
0_8w7mkX-PHcfMM5s6_jpeg.rf.039eb72a4757882968537a6ae94d198f.jpg,2000,1388,mask,803,449,881,542
0_8w7mkX-PHcfMM5s6_jpeg.rf.039eb72a4757882968537a6ae94d198f.jpg,2000,1388,mask,1079,432,1142,511
0_8w7mkX-PHcfMM5s6_jpeg.rf.039eb72a4757882968537a6ae94d198f.jpg,2000,1388,mask,1093,363,1152,440
0_8w7mkX-PHcfMM5s6_jpeg.rf.039eb72a4757882968537a6ae94d198f.jpg,2000,1388,mask,983,282,1043,354
0_8w7mkX-PHcfMM5s6_jpeg.rf.039eb72a4757882968537a6ae94d198f.jpg,2000,1388,mask,878,399,957,481
0_8w7mkX-PHcfMM5s6_jpeg.rf.039eb72a4757882968537a6ae94d198f.jpg,2000,1388,mask,932,453,1001,537
0_8w7mkX-PHcfMM5s6_jpeg.rf.039eb72a4757882968537a6ae94d198f.jpg,2000,1388,mask,1034,465,1109,556
0_8w7mkX-PHcfMM5s6_jpeg.rf.039eb72a4757882968537a6ae94d198f.jpg,2000,1388,mask,1298,480,1367,561
0_8w7mkX-PHcfMM5s6_jpeg.rf.039eb72a4757882968537a6ae94d198f.jpg,2000,1388,mask,1168,474,1249,576
0_8w7mkX-PHcfMM5s6_jpeg.rf.039eb72a4757882968537a6ae94d198f.jpg,2000,1388,mask,1234,360,1295,439
0_8w7mkX-PHcfMM5s6_jpeg.rf.039eb72a4757882968537a6ae94d198f.jpg,2000,1388,no-mask,1261,189,1314,254
0_8w7mkX-PHcfMM5s6_jpeg.rf.039eb72a4757882968537a6ae94d198f.jpg,2000,1388,no-mask,1322,152,1370,213
0_8w7mkX-PHcfMM5s6_jpeg.rf.039eb72a4757882968537a6ae94d198f.jpg,2000,1388,mask,1062,2,1110,63
0_8w7mkX-PHcfMM5s6_jpeg.rf.039eb72a4757882968537a6ae94d198f.jpg,2000,1388,mask,1054,108,1105,168
0_8w7mkX-PHcfMM5s6_jpeg.rf.039eb72a4757882968537a6ae94d198f.jpg,2000,1388,mask,1116,49,1167,108
0_8w7mkX-PHcfMM5s6_jpeg.rf.039eb72a4757882968537a6ae94d198f.jpg,2000,1388,mask,1243,84,1297,145
0_8w7mkX-PHcfMM5s6_jpeg.rf.039eb72a4757882968537a6ae94d198f.jpg,2000,1388,mask,1219,222,1274,286
0_8w7mkX-PHcfMM5s6_jpeg.rf.039eb72a4757882968537a6ae94d198f.jpg,2000,1388,mask,1234,1,1283,36
0_8w7mkX-PHcfMM5s6_jpeg.rf.039eb72a4757882968537a6ae94d198f.jpg,2000,1388,mask,1313,66,1358,116
0_8w7mkX-PHcfMM5s6_jpeg.rf.039eb72a4757882968537a6ae94d198f.jpg,2000,1388,mask,1362,79,1415,137
0_8w7mkX-PHcfMM5s6_jpeg.rf.039eb72a4757882968537a6ae94d198f.jpg,2000,1388,mask,1387,93,1437,150
0_8w7mkX-PHcfMM5s6_jpeg.rf.039eb72a4757882968537a6ae94d198f.jpg,2000,1388,mask,1510,0,1557,37
0_8w7mkX-PHcfMM5s6_jpeg.rf.039eb72a4757882968537a6ae94d198f.jpg,2000,1388,mask,1432,114,1484,171
0_8w7mkX-PHcfMM5s6_jpeg.rf.039eb72a4757882968537a6ae94d198f.jpg,2000,1388,mask,1710,25,1756,81
0_8w7mkX-PHcfMM5s6_jpeg.rf.039eb72a4757882968537a6ae94d198f.jpg,2000,1388,mask,1610,63,1660,125
0_8w7mkX-PHcfMM5s6_jpeg.rf.039eb72a4757882968537a6ae94d198f.jpg,2000,1388,mask,1565,106,1615,151
0_8w7mkX-PHcfMM5s6_jpeg.rf.039eb72a4757882968537a6ae94d198f.jpg,2000,1388,no-mask,1448,167,1496,216
0_8w7mkX-PHcfMM5s6_jpeg.rf.039eb72a4757882968537a6ae94d198f.jpg,2000,1388,no-mask,1659,99,1703,146
0_8w7mkX-PHcfMM5s6_jpeg.rf.039eb72a4757882968537a6ae94d198f.jpg,2000,1388,no-mask,1892,7,1938,62
0_8w7mkX-PHcfMM5s6_jpeg.rf.039eb72a4757882968537a6ae94d198f.jpg,2000,1388,mask,1827,37,1880,92
0_8w7mkX-PHcfMM5s6_jpeg.rf.039eb72a4757882968537a6ae94d198f.jpg,2000,1388,mask,1759,60,1816,123
0_8w7mkX-PHcfMM5s6_jpeg.rf.039eb72a4757882968537a6ae94d198f.jpg,2000,1388,mask,1711,194,1766,255
0_8w7mkX-PHcfMM5s6_jpeg.rf.039eb72a4757882968537a6ae94d198f.jpg,2000,1388,mask,1621,192,1675,255
0_8w7mkX-PHcfMM5s6_jpeg.rf.039eb72a4757882968537a6ae94d198f.jpg,2000,1388,mask,1516,284,1577,357
0_8w7mkX-PHcfMM5s6_jpeg.rf.039eb72a4757882968537a6ae94d198f.jpg,2000,1388,mask,1677,268,1734,333
0_8w7mkX-PHcfMM5s6_jpeg.rf.039eb72a4757882968537a6ae94d198f.jpg,2000,1388,mask,1821,209,1876,280
0_8w7mkX-PHcfMM5s6_jpeg.rf.039eb72a4757882968537a6ae94d198f.jpg,2000,1388,mask,1930,97,1990,171
0_8w7mkX-PHcfMM5s6_jpeg.rf.039eb72a4757882968537a6ae94d198f.jpg,2000,1388,mask,1870,210,1932,277
0_8w7mkX-PHcfMM5s6_jpeg.rf.039eb72a4757882968537a6ae94d198f.jpg,2000,1388,mask,1786,345,1831,396
0_8w7mkX-PHcfMM5s6_jpeg.rf.039eb72a4757882968537a6ae94d198f.jpg,2000,1388,mask,1714,399,1783,472
0_8w7mkX-PHcfMM5s6_jpeg.rf.039eb72a4757882968537a6ae94d198f.jpg,2000,1388,mask,1666,349,1726,418
0_8w7mkX-PHcfMM5s6_jpeg.rf.039eb72a4757882968537a6ae94d198f.jpg,2000,1388,mask,1586,377,1661,455
0_8w7mkX-PHcfMM5s6_jpeg.rf.039eb72a4757882968537a6ae94d198f.jpg,2000,1388,mask,1957,625,1998,717
0_8w7mkX-PHcfMM5s6_jpeg.rf.039eb72a4757882968537a6ae94d198f.jpg,2000,1388,mask,1806,397,1877,477
0_8w7mkX-PHcfMM5s6_jpeg.rf.039eb72a4757882968537a6ae94d198f.jpg,2000,1388,mask,1786,545,1858,635
0_8w7mkX-PHcfMM5s6_jpeg.rf.039eb72a4757882968537a6ae94d198f.jpg,2000,1388,mask,1745,591,1829,686
0_8w7mkX-PHcfMM5s6_jpeg.rf.039eb72a4757882968537a6ae94d198f.jpg,2000,1388,mask,1433,505,1512,588
0_8w7mkX-PHcfMM5s6_jpeg.rf.039eb72a4757882968537a6ae94d198f.jpg,2000,1388,mask,1346,524,1423,621
0_8w7mkX-PHcfMM5s6_jpeg.rf.039eb72a4757882968537a6ae94d198f.jpg,2000,1388,mask,1396,574,1475,674
0_8w7mkX-PHcfMM5s6_jpeg.rf.039eb72a4757882968537a6ae94d198f.jpg,2000,1388,mask,680,573,773,671
0_8w7mkX-PHcfMM5s6_jpeg.rf.039eb72a4757882968537a6ae94d198f.jpg,2000,1388,mask,813,539,894,630
0_8w7mkX-PHcfMM5s6_jpeg.rf.039eb72a4757882968537a6ae94d198f.jpg,2000,1388,mask,941,563,1034,667
0_8w7mkX-PHcfMM5s6_jpeg.rf.039eb72a4757882968537a6ae94d198f.jpg,2000,1388,mask,864,688,949,788
0_8w7mkX-PHcfMM5s6_jpeg.rf.039eb72a4757882968537a6ae94d198f.jpg,2000,1388,mask,1728,469,1797,549
0_8w7mkX-PHcfMM5s6_jpeg.rf.039eb72a4757882968537a6ae94d198f.jpg,2000,1388,mask,1144,649,1241,758
0_8w7mkX-PHcfMM5s6_jpeg.rf.039eb72a4757882968537a6ae94d198f.jpg,2000,1388,mask,862,685,862,685
0_8w7mkX-PHcfMM5s6_jpeg.rf.039eb72a4757882968537a6ae94d198f.jpg,2000,1388,mask,893,745,994,853
0_8w7mkX-PHcfMM5s6_jpeg.rf.039eb72a4757882968537a6ae94d198f.jpg,2000,1388,mask,93,889,218,1004
0_8w7mkX-PHcfMM5s6_jpeg.rf.039eb72a4757882968537a6ae94d198f.jpg,2000,1388,mask,1743,1253,1865,1382
0_8w7mkX-PHcfMM5s6_jpeg.rf.039eb72a4757882968537a6ae94d198f.jpg,2000,1388,mask,1398,679,1489,778
0_8w7mkX-PHcfMM5s6_jpeg.rf.039eb72a4757882968537a6ae94d198f.jpg,2000,1388,mask,1338,694,1436,804
0_8w7mkX-PHcfMM5s6_jpeg.rf.039eb72a4757882968537a6ae94d198f.jpg,2000,1388,mask,1838,677,1922,780
0_8w7mkX-PHcfMM5s6_jpeg.rf.039eb72a4757882968537a6ae94d198f.jpg,2000,1388,mask,1824,765,1939,895
0_8w7mkX-PHcfMM5s6_jpeg.rf.039eb72a4757882968537a6ae94d198f.jpg,2000,1388,mask,1834,1012,1926,1134
0_8w7mkX-PHcfMM5s6_jpeg.rf.039eb72a4757882968537a6ae94d198f.jpg,2000,1388,mask,1750,1023,1862,1162
0_8w7mkX-PHcfMM5s6_jpeg.rf.039eb72a4757882968537a6ae94d198f.jpg,2000,1388,mask,1436,1170,1560,1317
0_8w7mkX-PHcfMM5s6_jpeg.rf.039eb72a4757882968537a6ae94d198f.jpg,2000,1388,mask,1242,1064,1352,1194
0_8w7mkX-PHcfMM5s6_jpeg.rf.039eb72a4757882968537a6ae94d198f.jpg,2000,1388,mask,1149,965,1254,1088
0_8w7mkX-PHcfMM5s6_jpeg.rf.039eb72a4757882968537a6ae94d198f.jpg,2000,1388,mask,1033,1128,1149,1252
0_8w7mkX-PHcfMM5s6_jpeg.rf.039eb72a4757882968537a6ae94d198f.jpg,2000,1388,mask,875,1037,949,1134
0_8w7mkX-PHcfMM5s6_jpeg.rf.039eb72a4757882968537a6ae94d198f.jpg,2000,1388,mask,755,1210,882,1343
0_8w7mkX-PHcfMM5s6_jpeg.rf.039eb72a4757882968537a6ae94d198f.jpg,2000,1388,mask,440,1236,552,1357
0_8w7mkX-PHcfMM5s6_jpeg.rf.039eb72a4757882968537a6ae94d198f.jpg,2000,1388,mask,703,805,798,897
0_8w7mkX-PHcfMM5s6_jpeg.rf.039eb72a4757882968537a6ae94d198f.jpg,2000,1388,mask,528,723,612,817
0_8w7mkX-PHcfMM5s6_jpeg.rf.039eb72a4757882968537a6ae94d198f.jpg,2000,1388,mask,475,775,574,881
0_8w7mkX-PHcfMM5s6_jpeg.rf.039eb72a4757882968537a6ae94d198f.jpg,2000,1388,mask,721,909,798,1005
0_8w7mkX-PHcfMM5s6_jpeg.rf.039eb72a4757882968537a6ae94d198f.jpg,2000,1388,mask,768,908,854,1020
0_8w7mkX-PHcfMM5s6_jpeg.rf.039eb72a4757882968537a6ae94d198f.jpg,2000,1388,mask,598,1002,708,1120
000b7b75-1600_jpg.rf.35b739ea6899972b07aab7225d341307.jpg,1600,900,no-mask,279,64,441,242
000b7b75-1600_jpg.rf.35b739ea6899972b07aab7225d341307.jpg,1600,900,no-mask,1013,125,1144,283
000b7b75-1600_jpg.rf.35b739ea6899972b07aab7225d341307.jpg,1600,900,mask,1197,218,1391,455
000b7b75-1600_jpg.rf.35b739ea6899972b07aab7225d341307.jpg,1600,900,mask,766,166,927,382
000b7b75-1600_jpg.rf.35b739ea6899972b07aab7225d341307.jpg,1600,900,mask,1,203,119,390
000b7b75-1600_jpg.rf.35b739ea6899972b07aab7225d341307.jpg,1600,900,mask,487,101,598,213
000b7b75-1600_jpg.rf.35b739ea6899972b07aab7225d341307.jpg,1600,900,mask,579,182,744,363
000b7b75-1600_jpg.rf.35b739ea6899972b07aab7225d341307.jpg,1600,900,mask,189,186,409,443
pic_list_out_2285_jpg.rf.397939882d421310a89ac13b244c8a6e.jpg,800,800,mask,582,304,789,555
pic_list_out_2285_jpg.rf.397939882d421310a89ac13b244c8a6e.jpg,800,800,mask,361,99,562,385
003_1024_jpeg.rf.3d3235de8495eb432dc3c54d17287980.jpg,1024,576,mask,878,120,1020,350
003_1024_jpeg.rf.3d3235de8495eb432dc3c54d17287980.jpg,1024,576,mask,705,95,897,360
003_1024_jpeg.rf.3d3235de8495eb432dc3c54d17287980.jpg,1024,576,mask,4,14,186,334
1579683152-0e3ba5698b090c0fda95caa5d2aa7b31_jpg.rf.3c5a6909252cc8ad7538ddb3b6a8c10d.jpg,1478,1108,mask,800,5,1212,494
smartmi-3pcs-filter-mask-pm25-haze-dustproof-mask-with-vent_jpg.rf.23ce84d0cd7de25d814655d908bf475d.jpg,450,463,mask,293,79,420,244
smartmi-3pcs-filter-mask-pm25-haze-dustproof-mask-with-vent_jpg.rf.23ce84d0cd7de25d814655d908bf475d.jpg,450,463,mask,2,25,165,231
1_R_kFK9pNLfKAuopY_lAaPQ_jpeg.rf.030922effaedbead963acea666441dbd.jpg,1000,667,no-mask,282,362,336,422
1_R_kFK9pNLfKAuopY_lAaPQ_jpeg.rf.030922effaedbead963acea666441dbd.jpg,1000,667,mask,839,251,923,359
1_R_kFK9pNLfKAuopY_lAaPQ_jpeg.rf.030922effaedbead963acea666441dbd.jpg,1000,667,mask,721,267,795,372
0200b38c89b16c37c5de8e247bb00c2f_jpg.rf.4868c78878c91c2c7cc7062e90de7658.jpg,810,597,mask,480,57,555,147
0200b38c89b16c37c5de8e247bb00c2f_jpg.rf.4868c78878c91c2c7cc7062e90de7658.jpg,810,597,no-mask,199,124,251,183
0200b38c89b16c37c5de8e247bb00c2f_jpg.rf.4868c78878c91c2c7cc7062e90de7658.jpg,810,597,no-mask,293,42,348,109
101d6660a8974050b613dd2e6bd59390_jpg.rf.52e1b68968d7307fab23c6bf5fc3cbbe.jpg,940,663,mask,757,176,864,317
101d6660a8974050b613dd2e6bd59390_jpg.rf.52e1b68968d7307fab23c6bf5fc3cbbe.jpg,940,663,mask,470,97,573,241
101d6660a8974050b613dd2e6bd59390_jpg.rf.52e1b68968d7307fab23c6bf5fc3cbbe.jpg,940,663,mask,391,211,499,348
101d6660a8974050b613dd2e6bd59390_jpg.rf.52e1b68968d7307fab23c6bf5fc3cbbe.jpg,940,663,mask,132,182,257,322
1125506397_15801322207071n_jpg.rf.28329b8b808690e5537d9bde5b8a0d91.jpg,899,635,mask,774,8,844,92
1125506397_15801322207071n_jpg.rf.28329b8b808690e5537d9bde5b8a0d91.jpg,899,635,mask,632,19,710,121
1125506397_15801322207071n_jpg.rf.28329b8b808690e5537d9bde5b8a0d91.jpg,899,635,mask,443,133,514,226
1125506397_15801322207071n_jpg.rf.28329b8b808690e5537d9bde5b8a0d91.jpg,899,635,mask,379,49,448,138
1125506397_15801322207071n_jpg.rf.28329b8b808690e5537d9bde5b8a0d91.jpg,899,635,mask,332,90,378,148
1125506397_15801322207071n_jpg.rf.28329b8b808690e5537d9bde5b8a0d91.jpg,899,635,mask,211,56,294,159
1125506397_15801322207071n_jpg.rf.28329b8b808690e5537d9bde5b8a0d91.jpg,899,635,mask,137,33,202,111
1140-travelers-at-hong-kong-airport_jpg.rf.4dac1dff15755783b3941a24fcdd12ae.jpg,1140,655,no-mask,49,121,110,194
1140-travelers-at-hong-kong-airport_jpg.rf.4dac1dff15755783b3941a24fcdd12ae.jpg,1140,655,mask,939,4,1029,103
1140-travelers-at-hong-kong-airport_jpg.rf.4dac1dff15755783b3941a24fcdd12ae.jpg,1140,655,mask,278,26,367,127
1140-travelers-at-hong-kong-airport_jpg.rf.4dac1dff15755783b3941a24fcdd12ae.jpg,1140,655,mask,508,225,577,313
1_13_jpg.rf.042a2d0121bd5b62e8dd83506ea5ffc1.jpg,918,506,mask,783,109,891,238
1_13_jpg.rf.042a2d0121bd5b62e8dd83506ea5ffc1.jpg,918,506,mask,728,152,777,220
1_13_jpg.rf.042a2d0121bd5b62e8dd83506ea5ffc1.jpg,918,506,mask,520,17,564,81
1_13_jpg.rf.042a2d0121bd5b62e8dd83506ea5ffc1.jpg,918,506,mask,428,48,494,121
1_13_jpg.rf.042a2d0121bd5b62e8dd83506ea5ffc1.jpg,918,506,mask,296,14,359,78
1_13_jpg.rf.042a2d0121bd5b62e8dd83506ea5ffc1.jpg,918,506,mask,104,50,233,207
RTX7CD4D-e1580252893876_jpg.rf.34b2faf56bf74f6c3edd88422a37355e.jpg,1600,900,mask,1166,71,1298,190
RTX7CD4D-e1580252893876_jpg.rf.34b2faf56bf74f6c3edd88422a37355e.jpg,1600,900,mask,915,93,993,177
RTX7CD4D-e1580252893876_jpg.rf.34b2faf56bf74f6c3edd88422a37355e.jpg,1600,900,mask,596,20,683,120
RTX7CD4D-e1580252893876_jpg.rf.34b2faf56bf74f6c3edd88422a37355e.jpg,1600,900,mask,289,63,374,152
shutterstock_584407723_jpg.rf.5535c41d1928154d8b5449d970e8a93f.jpg,1000,667,mask,790,126,862,208
shutterstock_584407723_jpg.rf.5535c41d1928154d8b5449d970e8a93f.jpg,1000,667,mask,527,132,623,267
shutterstock_584407723_jpg.rf.5535c41d1928154d8b5449d970e8a93f.jpg,1000,667,mask,321,171,404,265
upload-productImg-1527496119162_320_234_jpeg.rf.2630f815b6cc48c80dd42bf539300d26.jpg,600,600,mask,49,35,459,499
PHOTriZgIKIgsnNLdBJG75vj200203_1000x2000_jpg.rf.4dfc80ae4acc533c6120e47dd8e7fb1f.jpg,900,607,mask,684,128,785,244
PHOTriZgIKIgsnNLdBJG75vj200203_1000x2000_jpg.rf.4dfc80ae4acc533c6120e47dd8e7fb1f.jpg,900,607,mask,517,165,609,263
PHOTriZgIKIgsnNLdBJG75vj200203_1000x2000_jpg.rf.4dfc80ae4acc533c6120e47dd8e7fb1f.jpg,900,607,mask,386,109,463,205
PHOTriZgIKIgsnNLdBJG75vj200203_1000x2000_jpg.rf.4dfc80ae4acc533c6120e47dd8e7fb1f.jpg,900,607,mask,197,35,284,141
0602623232127-web-tete_jpg.rf.52602cb4d68c74a35808c767926ab622.jpg,1280,720,no-mask,204,147,306,290
0602623232127-web-tete_jpg.rf.52602cb4d68c74a35808c767926ab622.jpg,1280,720,no-mask,502,163,702,389
0602623232127-web-tete_jpg.rf.52602cb4d68c74a35808c767926ab622.jpg,1280,720,no-mask,591,2,657,81
0602623232127-web-tete_jpg.rf.52602cb4d68c74a35808c767926ab622.jpg,1280,720,no-mask,386,2,460,79
0602623232127-web-tete_jpg.rf.52602cb4d68c74a35808c767926ab622.jpg,1280,720,no-mask,759,75,847,184
0602623232127-web-tete_jpg.rf.52602cb4d68c74a35808c767926ab622.jpg,1280,720,no-mask,444,50,550,178
0602623232127-web-tete_jpg.rf.52602cb4d68c74a35808c767926ab622.jpg,1280,720,no-mask,105,40,229,174
0602623232127-web-tete_jpg.rf.52602cb4d68c74a35808c767926ab622.jpg,1280,720,no-mask,103,481,226,616
0602623232127-web-tete_jpg.rf.52602cb4d68c74a35808c767926ab622.jpg,1280,720,mask,333,226,482,432
0602623232127-web-tete_jpg.rf.52602cb4d68c74a35808c767926ab622.jpg,1280,720,mask,644,14,734,124
0602623232127-web-tete_jpg.rf.52602cb4d68c74a35808c767926ab622.jpg,1280,720,mask,808,94,915,226
0602623232127-web-tete_jpg.rf.52602cb4d68c74a35808c767926ab622.jpg,1280,720,mask,1005,43,1192,255
0602623232127-web-tete_jpg.rf.52602cb4d68c74a35808c767926ab622.jpg,1280,720,mask,818,320,1017,585
1580128422_jpg.rf.4496b0fe4afc307aa32966c8180bab49.jpg,960,620,no-mask,184,316,297,446
1580128422_jpg.rf.4496b0fe4afc307aa32966c8180bab49.jpg,960,620,mask,823,333,930,479
1580128422_jpg.rf.4496b0fe4afc307aa32966c8180bab49.jpg,960,620,mask,710,270,797,397
1580128422_jpg.rf.4496b0fe4afc307aa32966c8180bab49.jpg,960,620,mask,559,309,675,442
r1000019q679o5611r7_jpg.rf.4c8be6ea5c4f336654cb6f5bdb7db393.jpg,640,959,mask,153,8,407,280
1580053154-5839_jpg.rf.54f3c805dfdfed25f320f6a5bba80000.jpg,1200,800,mask,74,73,255,317
1580053154-5839_jpg.rf.54f3c805dfdfed25f320f6a5bba80000.jpg,1200,800,mask,708,3,824,158
1580053154-5839_jpg.rf.54f3c805dfdfed25f320f6a5bba80000.jpg,1200,800,mask,897,7,1057,226
1580053154-5839_jpg.rf.54f3c805dfdfed25f320f6a5bba80000.jpg,1200,800,mask,638,62,769,294
1580053154-5839_jpg.rf.54f3c805dfdfed25f320f6a5bba80000.jpg,1200,800,mask,474,57,630,261
1580053154-5839_jpg.rf.54f3c805dfdfed25f320f6a5bba80000.jpg,1200,800,mask,217,108,400,387
1580053154-5839_jpg.rf.54f3c805dfdfed25f320f6a5bba80000.jpg,1200,800,mask,575,272,745,527
rawImage_jpg.rf.5b637f36f129574b6e0931ecd3f63f7e.jpg,2048,1365,mask,1594,231,2003,778
rawImage_jpg.rf.5b637f36f129574b6e0931ecd3f63f7e.jpg,2048,1365,mask,1122,34,1426,372
rawImage_jpg.rf.5b637f36f129574b6e0931ecd3f63f7e.jpg,2048,1365,mask,834,105,1062,437
rawImage_jpg.rf.5b637f36f129574b6e0931ecd3f63f7e.jpg,2048,1365,mask,402,355,726,773
rawImage_jpg.rf.5b637f36f129574b6e0931ecd3f63f7e.jpg,2048,1365,mask,154,13,475,335
phppaNXxb_jpg.rf.5778b5bbecd03d86b9a529fa381adccf.jpg,800,484,mask,73,72,120,152
phppaNXxb_jpg.rf.5778b5bbecd03d86b9a529fa381adccf.jpg,800,484,no-mask,0,96,21,181
phppaNXxb_jpg.rf.5778b5bbecd03d86b9a529fa381adccf.jpg,800,484,no-mask,221,101,293,177
phppaNXxb_jpg.rf.5778b5bbecd03d86b9a529fa381adccf.jpg,800,484,no-mask,561,76,636,169
phppaNXxb_jpg.rf.5778b5bbecd03d86b9a529fa381adccf.jpg,800,484,mask,99,48,193,157
phppaNXxb_jpg.rf.5778b5bbecd03d86b9a529fa381adccf.jpg,800,484,mask,318,61,401,166
phppaNXxb_jpg.rf.5778b5bbecd03d86b9a529fa381adccf.jpg,800,484,mask,423,34,496,129
phppaNXxb_jpg.rf.5778b5bbecd03d86b9a529fa381adccf.jpg,800,484,mask,491,87,583,198
phppaNXxb_jpg.rf.5778b5bbecd03d86b9a529fa381adccf.jpg,800,484,mask,665,224,745,324
1024x737_09186876046_jpg.rf.4197293e6ba3db18b6fbb185616dab6c.jpg,1024,737,mask,244,4,349,129
1024x737_09186876046_jpg.rf.4197293e6ba3db18b6fbb185616dab6c.jpg,1024,737,no-mask,456,88,611,250
1024x737_09186876046_jpg.rf.4197293e6ba3db18b6fbb185616dab6c.jpg,1024,737,no-mask,126,61,307,254
1024x737_09186876046_jpg.rf.4197293e6ba3db18b6fbb185616dab6c.jpg,1024,737,mask,609,156,734,348
1024x737_09186876046_jpg.rf.4197293e6ba3db18b6fbb185616dab6c.jpg,1024,737,mask,888,78,1023,371
1024x737_09186876046_jpg.rf.4197293e6ba3db18b6fbb185616dab6c.jpg,1024,737,mask,702,166,921,415
1024x737_09186876046_jpg.rf.4197293e6ba3db18b6fbb185616dab6c.jpg,1024,737,mask,214,190,365,426
1024x737_09186876046_jpg.rf.4197293e6ba3db18b6fbb185616dab6c.jpg,1024,737,mask,349,204,542,450
1024x737_09186876046_jpg.rf.4197293e6ba3db18b6fbb185616dab6c.jpg,1024,737,mask,25,206,242,461
pjecDNMmCUQmbDoJx1fdqolnfHtpsfFK8jTA2Ng0wNg_jpeg.rf.001be2b5923d35fa3118de329f14f583.jpg,1920,1280,no-mask,1419,295,1640,633
pjecDNMmCUQmbDoJx1fdqolnfHtpsfFK8jTA2Ng0wNg_jpeg.rf.001be2b5923d35fa3118de329f14f583.jpg,1920,1280,mask,202,253,373,453
pjecDNMmCUQmbDoJx1fdqolnfHtpsfFK8jTA2Ng0wNg_jpeg.rf.001be2b5923d35fa3118de329f14f583.jpg,1920,1280,mask,515,337,683,525
pjecDNMmCUQmbDoJx1fdqolnfHtpsfFK8jTA2Ng0wNg_jpeg.rf.001be2b5923d35fa3118de329f14f583.jpg,1920,1280,mask,757,204,970,484
pjecDNMmCUQmbDoJx1fdqolnfHtpsfFK8jTA2Ng0wNg_jpeg.rf.001be2b5923d35fa3118de329f14f583.jpg,1920,1280,mask,1130,410,1292,601
pjecDNMmCUQmbDoJx1fdqolnfHtpsfFK8jTA2Ng0wNg_jpeg.rf.001be2b5923d35fa3118de329f14f583.jpg,1920,1280,mask,1545,206,1784,520
soo(1)_jpg.rf.5ccb9b3550a3813e3023a3bb32a53904.jpg,1600,1067,mask,1190,532,1273,634
soo(1)_jpg.rf.5ccb9b3550a3813e3023a3bb32a53904.jpg,1600,1067,no-mask,1260,455,1359,563
soo(1)_jpg.rf.5ccb9b3550a3813e3023a3bb32a53904.jpg,1600,1067,no-mask,1430,460,1574,596
soo(1)_jpg.rf.5ccb9b3550a3813e3023a3bb32a53904.jpg,1600,1067,mask,841,201,979,381
soo(1)_jpg.rf.5ccb9b3550a3813e3023a3bb32a53904.jpg,1600,1067,mask,506,191,708,389
soo(1)_jpg.rf.5ccb9b3550a3813e3023a3bb32a53904.jpg,1600,1067,mask,245,219,419,422
soooo_jpg.rf.6e7754eae524b488b9d6cbacaa578592.jpg,1024,683,no-mask,622,2,795,148
soooo_jpg.rf.6e7754eae524b488b9d6cbacaa578592.jpg,1024,683,mask,590,123,662,200
soooo_jpg.rf.6e7754eae524b488b9d6cbacaa578592.jpg,1024,683,mask,200,216,368,377
soooo_jpg.rf.6e7754eae524b488b9d6cbacaa578592.jpg,1024,683,mask,174,125,263,209
W37H3GWNO5EV5HTJQNP4KLIRGI_jpg.rf.71c3c2741aa5f60a7d0a569679b2796c.jpg,1000,750,mask,493,71,736,311
stsciRq_png.rf.66178fabcc0b39f7ec45ba1ff1b5d535.jpg,828,1717,mask,274,1245,587,1585
stsciRq_png.rf.66178fabcc0b39f7ec45ba1ff1b5d535.jpg,828,1717,mask,200,423,637,950
135e-huxwryw6451820_jpg.rf.7119d8f128c2493e3340654b03e2b6e3.jpg,581,848,mask,50,2,505,638
Smog-Mask-PM2-5-Carbon-Filter-Face-Masks-Fog-Dust-Air-Cleaner-anti-pollution-Face-Protector_jpg.rf.6cfed8b6d7c3b9b71b2d6cd8e83da420.jpg,779,687,mask,47,382,218,627
Smog-Mask-PM2-5-Carbon-Filter-Face-Masks-Fog-Dust-Air-Cleaner-anti-pollution-Face-Protector_jpg.rf.6cfed8b6d7c3b9b71b2d6cd8e83da420.jpg,779,687,mask,297,382,494,636
Smog-Mask-PM2-5-Carbon-Filter-Face-Masks-Fog-Dust-Air-Cleaner-anti-pollution-Face-Protector_jpg.rf.6cfed8b6d7c3b9b71b2d6cd8e83da420.jpg,779,687,mask,573,383,740,623
Smog-Mask-PM2-5-Carbon-Filter-Face-Masks-Fog-Dust-Air-Cleaner-anti-pollution-Face-Protector_jpg.rf.6cfed8b6d7c3b9b71b2d6cd8e83da420.jpg,779,687,mask,570,39,729,268
Smog-Mask-PM2-5-Carbon-Filter-Face-Masks-Fog-Dust-Air-Cleaner-anti-pollution-Face-Protector_jpg.rf.6cfed8b6d7c3b9b71b2d6cd8e83da420.jpg,779,687,mask,302,45,466,269
Smog-Mask-PM2-5-Carbon-Filter-Face-Masks-Fog-Dust-Air-Cleaner-anti-pollution-Face-Protector_jpg.rf.6cfed8b6d7c3b9b71b2d6cd8e83da420.jpg,779,687,mask,51,45,207,275
purchase-reauisition-5de4d0f99c77d_jpg.rf.656f7e39f5600537f91019731c9b25fc.jpg,1600,1066,no-mask,1071,469,1119,528
purchase-reauisition-5de4d0f99c77d_jpg.rf.656f7e39f5600537f91019731c9b25fc.jpg,1600,1066,mask,2,526,168,714
purchase-reauisition-5de4d0f99c77d_jpg.rf.656f7e39f5600537f91019731c9b25fc.jpg,1600,1066,no-mask,48,409,183,543
purchase-reauisition-5de4d0f99c77d_jpg.rf.656f7e39f5600537f91019731c9b25fc.jpg,1600,1066,mask,317,382,450,586
purchase-reauisition-5de4d0f99c77d_jpg.rf.656f7e39f5600537f91019731c9b25fc.jpg,1600,1066,mask,393,374,595,607
purchase-reauisition-5de4d0f99c77d_jpg.rf.656f7e39f5600537f91019731c9b25fc.jpg,1600,1066,mask,642,413,711,546
purchase-reauisition-5de4d0f99c77d_jpg.rf.656f7e39f5600537f91019731c9b25fc.jpg,1600,1066,mask,980,443,1050,563
purchase-reauisition-5de4d0f99c77d_jpg.rf.656f7e39f5600537f91019731c9b25fc.jpg,1600,1066,mask,1390,423,1481,553
purchase-reauisition-5de4d0f99c77d_jpg.rf.656f7e39f5600537f91019731c9b25fc.jpg,1600,1066,mask,1107,277,1432,588
purchase-reauisition-5de4d0f99c77d_jpg.rf.656f7e39f5600537f91019731c9b25fc.jpg,1600,1066,mask,657,139,1036,609
IMG_5690 2_jpg.rf.7198a97a65ae7dde21284ca6e356f7a8.jpg,4032,3024,no-mask,233,2217,441,2435
IMG_5690 2_jpg.rf.7198a97a65ae7dde21284ca6e356f7a8.jpg,4032,3024,mask,1616,1595,2098,2224
IMG_5690 2_jpg.rf.7198a97a65ae7dde21284ca6e356f7a8.jpg,4032,3024,mask,847,1640,1371,2307
004_1024_jpeg.rf.8387cade019b2c139de783457af677ae.jpg,1024,576,mask,326,48,574,331
1155x768_20200129000089_jpg.rf.73137126ad09e8cf09315eb31ea51592.jpg,1024,681,mask,884,121,1022,444
1155x768_20200129000089_jpg.rf.73137126ad09e8cf09315eb31ea51592.jpg,1024,681,mask,701,186,820,326
1155x768_20200129000089_jpg.rf.73137126ad09e8cf09315eb31ea51592.jpg,1024,681,mask,401,181,540,364
1155x768_20200129000089_jpg.rf.73137126ad09e8cf09315eb31ea51592.jpg,1024,681,mask,67,182,139,265
TB2R28UvUOWBKNjSZKzXXXfWFXa_!!1116877752_jpg.rf.68b5da162013bf7f4301937f553139a5.jpg,800,800,mask,442,156,729,491
TB2R28UvUOWBKNjSZKzXXXfWFXa_!!1116877752_jpg.rf.68b5da162013bf7f4301937f553139a5.jpg,800,800,mask,106,77,396,420
shutterstock_289132226_jpg.rf.749c60ddb7bf3d9db9313ff21cb80f77.jpg,1000,667,mask,640,105,791,256
shutterstock_289132226_jpg.rf.749c60ddb7bf3d9db9313ff21cb80f77.jpg,1000,667,mask,422,84,574,239
shutterstock_289132226_jpg.rf.749c60ddb7bf3d9db9313ff21cb80f77.jpg,1000,667,mask,188,69,330,241
thumbnail-ba5c72edb320b49a69e86b05775c49b2-scaled-1_jpeg.rf.895025faf5bf05dfb07e227090cb5d56.jpg,1025,683,no-mask,623,126,664,178
thumbnail-ba5c72edb320b49a69e86b05775c49b2-scaled-1_jpeg.rf.895025faf5bf05dfb07e227090cb5d56.jpg,1025,683,mask,208,145,243,182
thumbnail-ba5c72edb320b49a69e86b05775c49b2-scaled-1_jpeg.rf.895025faf5bf05dfb07e227090cb5d56.jpg,1025,683,mask,914,2,1017,126
thumbnail-ba5c72edb320b49a69e86b05775c49b2-scaled-1_jpeg.rf.895025faf5bf05dfb07e227090cb5d56.jpg,1025,683,mask,665,57,768,166
thumbnail-ba5c72edb320b49a69e86b05775c49b2-scaled-1_jpeg.rf.895025faf5bf05dfb07e227090cb5d56.jpg,1025,683,mask,498,46,596,156
thumbnail-ba5c72edb320b49a69e86b05775c49b2-scaled-1_jpeg.rf.895025faf5bf05dfb07e227090cb5d56.jpg,1025,683,mask,397,39,480,138
thumbnail-ba5c72edb320b49a69e86b05775c49b2-scaled-1_jpeg.rf.895025faf5bf05dfb07e227090cb5d56.jpg,1025,683,mask,258,95,332,182
thumbnail-ba5c72edb320b49a69e86b05775c49b2-scaled-1_jpeg.rf.895025faf5bf05dfb07e227090cb5d56.jpg,1025,683,mask,129,82,194,154
thumbnail-ba5c72edb320b49a69e86b05775c49b2-scaled-1_jpeg.rf.895025faf5bf05dfb07e227090cb5d56.jpg,1025,683,mask,27,88,98,160
1303078448-China-Coronavirus-Death-Toll-Hits-304_jpg.rf.867ecfe8a19d95c4f6a3a59f0bcc963e.jpg,700,394,mask,205,16,338,201
1580048340614_jpg.rf.83b5517bbfbf2e2ac0b103bec1bd4dfd.jpg,1000,563,no-mask,257,131,340,253
1580048340614_jpg.rf.83b5517bbfbf2e2ac0b103bec1bd4dfd.jpg,1000,563,no-mask,635,27,700,106
1580048340614_jpg.rf.83b5517bbfbf2e2ac0b103bec1bd4dfd.jpg,1000,563,mask,643,350,840,559
1580048340614_jpg.rf.83b5517bbfbf2e2ac0b103bec1bd4dfd.jpg,1000,563,mask,603,121,703,299
1580048340614_jpg.rf.83b5517bbfbf2e2ac0b103bec1bd4dfd.jpg,1000,563,mask,897,154,993,293
1580048340614_jpg.rf.83b5517bbfbf2e2ac0b103bec1bd4dfd.jpg,1000,563,mask,878,37,954,136
1580048340614_jpg.rf.83b5517bbfbf2e2ac0b103bec1bd4dfd.jpg,1000,563,mask,726,150,822,278
1580048340614_jpg.rf.83b5517bbfbf2e2ac0b103bec1bd4dfd.jpg,1000,563,mask,477,105,621,307
1580048340614_jpg.rf.83b5517bbfbf2e2ac0b103bec1bd4dfd.jpg,1000,563,mask,359,188,473,345
1580048340614_jpg.rf.83b5517bbfbf2e2ac0b103bec1bd4dfd.jpg,1000,563,mask,200,223,330,410
1580048340614_jpg.rf.83b5517bbfbf2e2ac0b103bec1bd4dfd.jpg,1000,563,mask,6,242,185,519
1029731146_jpg.rf.79ab2cda85860fd020cfdc660f6368ec.jpg,1000,541,no-mask,28,75,149,221
1029731146_jpg.rf.79ab2cda85860fd020cfdc660f6368ec.jpg,1000,541,mask,775,52,949,283
1029731146_jpg.rf.79ab2cda85860fd020cfdc660f6368ec.jpg,1000,541,mask,377,19,614,346
1029731146_jpg.rf.79ab2cda85860fd020cfdc660f6368ec.jpg,1000,541,mask,136,123,297,354
1152x768_246964803156_jpg.rf.93e4584edd0a741914cf795c2087200d.jpg,1024,683,mask,453,101,541,202
1152x768_246964803156_jpg.rf.93e4584edd0a741914cf795c2087200d.jpg,1024,683,mask,66,127,106,194
1152x768_246964803156_jpg.rf.93e4584edd0a741914cf795c2087200d.jpg,1024,683,no-mask,33,75,83,134
1152x768_246964803156_jpg.rf.93e4584edd0a741914cf795c2087200d.jpg,1024,683,no-mask,647,64,707,145
1152x768_246964803156_jpg.rf.93e4584edd0a741914cf795c2087200d.jpg,1024,683,mask,144,111,218,196
1152x768_246964803156_jpg.rf.93e4584edd0a741914cf795c2087200d.jpg,1024,683,mask,785,22,874,141
1152x768_246964803156_jpg.rf.93e4584edd0a741914cf795c2087200d.jpg,1024,683,no-mask,567,69,632,151
1152x768_246964803156_jpg.rf.93e4584edd0a741914cf795c2087200d.jpg,1024,683,no-mask,231,69,286,129
1152x768_246964803156_jpg.rf.93e4584edd0a741914cf795c2087200d.jpg,1024,683,no-mask,327,76,388,162
-1x-1_jpg.rf.69d9b61e3cdb8a9047dad25099fcc8ef.jpg,2000,1363,mask,32,1,174,69
-1x-1_jpg.rf.69d9b61e3cdb8a9047dad25099fcc8ef.jpg,2000,1363,no-mask,563,2,710,125
-1x-1_jpg.rf.69d9b61e3cdb8a9047dad25099fcc8ef.jpg,2000,1363,no-mask,774,5,905,141
-1x-1_jpg.rf.69d9b61e3cdb8a9047dad25099fcc8ef.jpg,2000,1363,no-mask,1082,148,1238,346
-1x-1_jpg.rf.69d9b61e3cdb8a9047dad25099fcc8ef.jpg,2000,1363,no-mask,991,204,1172,434
-1x-1_jpg.rf.69d9b61e3cdb8a9047dad25099fcc8ef.jpg,2000,1363,mask,1757,313,1943,541
-1x-1_jpg.rf.69d9b61e3cdb8a9047dad25099fcc8ef.jpg,2000,1363,mask,1546,139,1710,340
-1x-1_jpg.rf.69d9b61e3cdb8a9047dad25099fcc8ef.jpg,2000,1363,mask,1442,478,1655,726
-1x-1_jpg.rf.69d9b61e3cdb8a9047dad25099fcc8ef.jpg,2000,1363,mask,1258,52,1434,276
-1x-1_jpg.rf.69d9b61e3cdb8a9047dad25099fcc8ef.jpg,2000,1363,mask,6,598,506,1186
-1x-1_jpg.rf.69d9b61e3cdb8a9047dad25099fcc8ef.jpg,2000,1363,mask,428,91,615,313
-1x-1_jpg.rf.69d9b61e3cdb8a9047dad25099fcc8ef.jpg,2000,1363,mask,596,72,787,338
-1x-1_jpg.rf.69d9b61e3cdb8a9047dad25099fcc8ef.jpg,2000,1363,mask,866,403,1075,685
1030611863_jpg.rf.7edae200febe5a5160fede9478f3e591.jpg,1000,541,mask,231,212,247,235
1030611863_jpg.rf.7edae200febe5a5160fede9478f3e591.jpg,1000,541,mask,933,226,962,262
1030611863_jpg.rf.7edae200febe5a5160fede9478f3e591.jpg,1000,541,no-mask,567,215,595,247
1030611863_jpg.rf.7edae200febe5a5160fede9478f3e591.jpg,1000,541,mask,620,196,687,287
1030611863_jpg.rf.7edae200febe5a5160fede9478f3e591.jpg,1000,541,mask,455,171,532,276
1030611863_jpg.rf.7edae200febe5a5160fede9478f3e591.jpg,1000,541,mask,345,143,418,234
1030611863_jpg.rf.7edae200febe5a5160fede9478f3e591.jpg,1000,541,no-mask,39,210,71,251
1030611863_jpg.rf.7edae200febe5a5160fede9478f3e591.jpg,1000,541,no-mask,279,204,311,244
US-expands-coronavirus-screenings-United-suspends-some-flights-to-China_jpg.rf.7684e0ecdea4004bc109f5482badee55.jpg,975,650,no-mask,241,56,435,254
US-expands-coronavirus-screenings-United-suspends-some-flights-to-China_jpg.rf.7684e0ecdea4004bc109f5482badee55.jpg,975,650,mask,455,23,712,272
UDD3JG3E4JFQ5KSFNGQQ5REINU_jpg.rf.29625775de24b7ffdcccaf143b546669.jpg,1200,782,mask,597,88,666,148
UDD3JG3E4JFQ5KSFNGQQ5REINU_jpg.rf.29625775de24b7ffdcccaf143b546669.jpg,1200,782,no-mask,779,103,858,199
UDD3JG3E4JFQ5KSFNGQQ5REINU_jpg.rf.29625775de24b7ffdcccaf143b546669.jpg,1200,782,mask,943,88,1010,173
UDD3JG3E4JFQ5KSFNGQQ5REINU_jpg.rf.29625775de24b7ffdcccaf143b546669.jpg,1200,782,no-mask,1011,264,1082,381
UDD3JG3E4JFQ5KSFNGQQ5REINU_jpg.rf.29625775de24b7ffdcccaf143b546669.jpg,1200,782,mask,1052,225,1196,410
UDD3JG3E4JFQ5KSFNGQQ5REINU_jpg.rf.29625775de24b7ffdcccaf143b546669.jpg,1200,782,mask,915,175,1010,309
UDD3JG3E4JFQ5KSFNGQQ5REINU_jpg.rf.29625775de24b7ffdcccaf143b546669.jpg,1200,782,mask,789,199,909,345
UDD3JG3E4JFQ5KSFNGQQ5REINU_jpg.rf.29625775de24b7ffdcccaf143b546669.jpg,1200,782,mask,653,193,753,312
UDD3JG3E4JFQ5KSFNGQQ5REINU_jpg.rf.29625775de24b7ffdcccaf143b546669.jpg,1200,782,mask,591,148,660,247
UDD3JG3E4JFQ5KSFNGQQ5REINU_jpg.rf.29625775de24b7ffdcccaf143b546669.jpg,1200,782,mask,564,128,632,202
UDD3JG3E4JFQ5KSFNGQQ5REINU_jpg.rf.29625775de24b7ffdcccaf143b546669.jpg,1200,782,mask,525,139,571,210
UDD3JG3E4JFQ5KSFNGQQ5REINU_jpg.rf.29625775de24b7ffdcccaf143b546669.jpg,1200,782,mask,458,121,534,213
UDD3JG3E4JFQ5KSFNGQQ5REINU_jpg.rf.29625775de24b7ffdcccaf143b546669.jpg,1200,782,mask,284,140,362,223
UDD3JG3E4JFQ5KSFNGQQ5REINU_jpg.rf.29625775de24b7ffdcccaf143b546669.jpg,1200,782,mask,193,147,261,219
UDD3JG3E4JFQ5KSFNGQQ5REINU_jpg.rf.29625775de24b7ffdcccaf143b546669.jpg,1200,782,mask,6,149,99,255
1482202839575_jpg.rf.96a5e5e802e33ad574636b271b779c99.jpg,1200,760,no-mask,190,264,238,331
1482202839575_jpg.rf.96a5e5e802e33ad574636b271b779c99.jpg,1200,760,no-mask,901,234,975,327
1482202839575_jpg.rf.96a5e5e802e33ad574636b271b779c99.jpg,1200,760,no-mask,1060,208,1142,299
1482202839575_jpg.rf.96a5e5e802e33ad574636b271b779c99.jpg,1200,760,no-mask,557,166,650,272
1482202839575_jpg.rf.96a5e5e802e33ad574636b271b779c99.jpg,1200,760,mask,762,163,848,257
001_1024_jpeg.rf.82de51e9c6db87b2941a34e6c65de14a.jpg,1024,576,mask,860,336,917,407
001_1024_jpeg.rf.82de51e9c6db87b2941a34e6c65de14a.jpg,1024,576,mask,785,238,869,330
001_1024_jpeg.rf.82de51e9c6db87b2941a34e6c65de14a.jpg,1024,576,mask,709,290,784,374
001_1024_jpeg.rf.82de51e9c6db87b2941a34e6c65de14a.jpg,1024,576,mask,605,230,721,337
001_1024_jpeg.rf.82de51e9c6db87b2941a34e6c65de14a.jpg,1024,576,mask,204,0,375,198
001_1024_jpeg.rf.82de51e9c6db87b2941a34e6c65de14a.jpg,1024,576,mask,472,119,600,267
1579928067_250120120154270000005e2bca03bf464_jpg.rf.8f9bd39325ed77b8f7d31f4847f1f2bb.jpg,983,639,mask,849,75,912,146
1579928067_250120120154270000005e2bca03bf464_jpg.rf.8f9bd39325ed77b8f7d31f4847f1f2bb.jpg,983,639,mask,751,49,810,126
1579928067_250120120154270000005e2bca03bf464_jpg.rf.8f9bd39325ed77b8f7d31f4847f1f2bb.jpg,983,639,mask,100,71,157,131
1579928067_250120120154270000005e2bca03bf464_jpg.rf.8f9bd39325ed77b8f7d31f4847f1f2bb.jpg,983,639,mask,185,40,291,162
1579928067_250120120154270000005e2bca03bf464_jpg.rf.8f9bd39325ed77b8f7d31f4847f1f2bb.jpg,983,639,no-mask,668,113,696,153
1579928067_250120120154270000005e2bca03bf464_jpg.rf.8f9bd39325ed77b8f7d31f4847f1f2bb.jpg,983,639,no-mask,564,104,593,143
0002526673_jpg.rf.a13de6faa0e2e5250d913ccf27b4c769.jpg,1033,675,mask,170,227,213,272
0002526673_jpg.rf.a13de6faa0e2e5250d913ccf27b4c769.jpg,1033,675,mask,392,174,513,316
TASS38012699_jpg.rf.92600e25dc48c12c43d41929c45756ac.jpg,1360,765,no-mask,836,356,896,421
TASS38012699_jpg.rf.92600e25dc48c12c43d41929c45756ac.jpg,1360,765,no-mask,1049,418,1144,521
TASS38012699_jpg.rf.92600e25dc48c12c43d41929c45756ac.jpg,1360,765,no-mask,878,526,1019,676
TASS38012699_jpg.rf.92600e25dc48c12c43d41929c45756ac.jpg,1360,765,no-mask,106,273,194,392
TASS38012699_jpg.rf.92600e25dc48c12c43d41929c45756ac.jpg,1360,765,no-mask,767,488,919,636
TASS38012699_jpg.rf.92600e25dc48c12c43d41929c45756ac.jpg,1360,765,no-mask,711,242,792,331
TASS38012699_jpg.rf.92600e25dc48c12c43d41929c45756ac.jpg,1360,765,no-mask,1289,373,1357,503
TASS38012699_jpg.rf.92600e25dc48c12c43d41929c45756ac.jpg,1360,765,mask,559,85,687,239
0450908675_50159485_mutation-virus-chine-inquietude_jpg.rf.9c1d5309c1b4ecea3fda137b207462df.jpg,1920,1200,mask,1285,56,1472,268
0450908675_50159485_mutation-virus-chine-inquietude_jpg.rf.9c1d5309c1b4ecea3fda137b207462df.jpg,1920,1200,mask,884,1,1061,184
0450908675_50159485_mutation-virus-chine-inquietude_jpg.rf.9c1d5309c1b4ecea3fda137b207462df.jpg,1920,1200,mask,1005,360,1170,529
0450908675_50159485_mutation-virus-chine-inquietude_jpg.rf.9c1d5309c1b4ecea3fda137b207462df.jpg,1920,1200,no-mask,416,1,579,166
RZXE24HFK5GSVKVSN57VCVPQ4M_jpg.rf.9fa4f828cb9b4ee616446dff730d55f8.jpg,1200,814,no-mask,493,140,549,199
RZXE24HFK5GSVKVSN57VCVPQ4M_jpg.rf.9fa4f828cb9b4ee616446dff730d55f8.jpg,1200,814,no-mask,516,194,583,263
RZXE24HFK5GSVKVSN57VCVPQ4M_jpg.rf.9fa4f828cb9b4ee616446dff730d55f8.jpg,1200,814,no-mask,941,123,1050,241
RZXE24HFK5GSVKVSN57VCVPQ4M_jpg.rf.9fa4f828cb9b4ee616446dff730d55f8.jpg,1200,814,mask,444,160,491,210
RZXE24HFK5GSVKVSN57VCVPQ4M_jpg.rf.9fa4f828cb9b4ee616446dff730d55f8.jpg,1200,814,mask,576,152,638,221
RZXE24HFK5GSVKVSN57VCVPQ4M_jpg.rf.9fa4f828cb9b4ee616446dff730d55f8.jpg,1200,814,mask,735,166,834,277
RZXE24HFK5GSVKVSN57VCVPQ4M_jpg.rf.9fa4f828cb9b4ee616446dff730d55f8.jpg,1200,814,mask,868,182,944,263
RZXE24HFK5GSVKVSN57VCVPQ4M_jpg.rf.9fa4f828cb9b4ee616446dff730d55f8.jpg,1200,814,mask,1067,159,1150,274
RZXE24HFK5GSVKVSN57VCVPQ4M_jpg.rf.9fa4f828cb9b4ee616446dff730d55f8.jpg,1200,814,mask,265,108,338,200
unnamed_jpg.rf.8bacd81300f96cc2abf8845595a2e160.jpg,512,340,no-mask,360,44,396,87
unnamed_jpg.rf.8bacd81300f96cc2abf8845595a2e160.jpg,512,340,no-mask,311,17,349,59
unnamed_jpg.rf.8bacd81300f96cc2abf8845595a2e160.jpg,512,340,mask,206,48,240,89
unnamed_jpg.rf.8bacd81300f96cc2abf8845595a2e160.jpg,512,340,mask,208,68,253,120
unnamed_jpg.rf.8bacd81300f96cc2abf8845595a2e160.jpg,512,340,mask,173,79,230,140
unnamed_jpg.rf.8bacd81300f96cc2abf8845595a2e160.jpg,512,340,mask,325,61,369,111
unnamed_jpg.rf.8bacd81300f96cc2abf8845595a2e160.jpg,512,340,mask,426,19,461,57
unnamed_jpg.rf.8bacd81300f96cc2abf8845595a2e160.jpg,512,340,mask,436,47,469,96
unnamed_jpg.rf.8bacd81300f96cc2abf8845595a2e160.jpg,512,340,mask,384,56,437,113
unnamed_jpg.rf.8bacd81300f96cc2abf8845595a2e160.jpg,512,340,mask,416,95,493,178
unnamed_jpg.rf.8bacd81300f96cc2abf8845595a2e160.jpg,512,340,mask,236,31,314,122
unnamed_jpg.rf.8bacd81300f96cc2abf8845595a2e160.jpg,512,340,mask,12,27,73,105
unnamed_jpg.rf.8bacd81300f96cc2abf8845595a2e160.jpg,512,340,mask,47,70,140,169
sdsdsff_jpg.rf.a8a15416549f7048fee1764231a9d0eb.jpg,512,340,mask,383,64,437,126
sdsdsff_jpg.rf.a8a15416549f7048fee1764231a9d0eb.jpg,512,340,mask,304,69,366,129
sdsdsff_jpg.rf.a8a15416549f7048fee1764231a9d0eb.jpg,512,340,mask,202,83,253,140
sdsdsff_jpg.rf.a8a15416549f7048fee1764231a9d0eb.jpg,512,340,mask,110,69,154,125
sdsdsff_jpg.rf.a8a15416549f7048fee1764231a9d0eb.jpg,512,340,mask,8,79,52,131
ST_20190917_SPTHAZE_5120715_jpg.rf.a9db11227a9e6e324c5a57d0ad8716cd.jpg,780,520,mask,631,4,755,99
ST_20190917_SPTHAZE_5120715_jpg.rf.a9db11227a9e6e324c5a57d0ad8716cd.jpg,780,520,mask,458,1,551,100
ST_20190917_SPTHAZE_5120715_jpg.rf.a9db11227a9e6e324c5a57d0ad8716cd.jpg,780,520,mask,302,0,392,98
ST_20190917_SPTHAZE_5120715_jpg.rf.a9db11227a9e6e324c5a57d0ad8716cd.jpg,780,520,mask,263,110,406,273
ST_20190917_SPTHAZE_5120715_jpg.rf.a9db11227a9e6e324c5a57d0ad8716cd.jpg,780,520,mask,517,113,649,268
ST_20190917_SPTHAZE_5120715_jpg.rf.a9db11227a9e6e324c5a57d0ad8716cd.jpg,780,520,mask,156,293,483,516
ST_20190917_SPTHAZE_5120715_jpg.rf.a9db11227a9e6e324c5a57d0ad8716cd.jpg,780,520,mask,30,27,186,236
sgssgg_jpeg.rf.a62f9109a5f44bf8f88b9fd632b8e4de.jpg,1280,853,mask,130,367,223,519
sgssgg_jpeg.rf.a62f9109a5f44bf8f88b9fd632b8e4de.jpg,1280,853,mask,2,327,164,516
sgssgg_jpeg.rf.a62f9109a5f44bf8f88b9fd632b8e4de.jpg,1280,853,mask,229,452,367,598
sgssgg_jpeg.rf.a62f9109a5f44bf8f88b9fd632b8e4de.jpg,1280,853,mask,290,266,397,377
sgssgg_jpeg.rf.a62f9109a5f44bf8f88b9fd632b8e4de.jpg,1280,853,mask,388,233,474,337
sgssgg_jpeg.rf.a62f9109a5f44bf8f88b9fd632b8e4de.jpg,1280,853,mask,562,319,677,437
sgssgg_jpeg.rf.a62f9109a5f44bf8f88b9fd632b8e4de.jpg,1280,853,mask,640,228,738,327
sgssgg_jpeg.rf.a62f9109a5f44bf8f88b9fd632b8e4de.jpg,1280,853,mask,808,293,894,398
sgssgg_jpeg.rf.a62f9109a5f44bf8f88b9fd632b8e4de.jpg,1280,853,mask,915,349,1010,453
sgssgg_jpeg.rf.a62f9109a5f44bf8f88b9fd632b8e4de.jpg,1280,853,mask,1008,378,1138,545
w1240-p16x9-5f8aa310737f8e0e6c43d95a68a82b03b6f60106_jpg.rf.a456219c83b48269ce5adb48d513a350.jpg,1240,698,no-mask,969,106,1033,173
w1240-p16x9-5f8aa310737f8e0e6c43d95a68a82b03b6f60106_jpg.rf.a456219c83b48269ce5adb48d513a350.jpg,1240,698,mask,48,76,141,196
w1240-p16x9-5f8aa310737f8e0e6c43d95a68a82b03b6f60106_jpg.rf.a456219c83b48269ce5adb48d513a350.jpg,1240,698,mask,158,120,255,233
w1240-p16x9-5f8aa310737f8e0e6c43d95a68a82b03b6f60106_jpg.rf.a456219c83b48269ce5adb48d513a350.jpg,1240,698,mask,328,80,397,153
w1240-p16x9-5f8aa310737f8e0e6c43d95a68a82b03b6f60106_jpg.rf.a456219c83b48269ce5adb48d513a350.jpg,1240,698,mask,404,56,488,155
w1240-p16x9-5f8aa310737f8e0e6c43d95a68a82b03b6f60106_jpg.rf.a456219c83b48269ce5adb48d513a350.jpg,1240,698,mask,543,108,617,192
w1240-p16x9-5f8aa310737f8e0e6c43d95a68a82b03b6f60106_jpg.rf.a456219c83b48269ce5adb48d513a350.jpg,1240,698,mask,729,135,785,216
w1240-p16x9-5f8aa310737f8e0e6c43d95a68a82b03b6f60106_jpg.rf.a456219c83b48269ce5adb48d513a350.jpg,1240,698,mask,1126,83,1208,184
w1240-p16x9-5f8aa310737f8e0e6c43d95a68a82b03b6f60106_jpg.rf.a456219c83b48269ce5adb48d513a350.jpg,1240,698,mask,1049,70,1134,168
w1240-p16x9-5f8aa310737f8e0e6c43d95a68a82b03b6f60106_jpg.rf.a456219c83b48269ce5adb48d513a350.jpg,1240,698,mask,894,76,980,179
w1240-p16x9-5f8aa310737f8e0e6c43d95a68a82b03b6f60106_jpg.rf.a456219c83b48269ce5adb48d513a350.jpg,1240,698,mask,816,128,929,268
w1240-p16x9-5f8aa310737f8e0e6c43d95a68a82b03b6f60106_jpg.rf.a456219c83b48269ce5adb48d513a350.jpg,1240,698,mask,762,112,864,250
w1240-p16x9-5f8aa310737f8e0e6c43d95a68a82b03b6f60106_jpg.rf.a456219c83b48269ce5adb48d513a350.jpg,1240,698,mask,669,94,744,201
w1240-p16x9-5f8aa310737f8e0e6c43d95a68a82b03b6f60106_jpg.rf.a456219c83b48269ce5adb48d513a350.jpg,1240,698,mask,465,111,538,200
w1240-p16x9-5f8aa310737f8e0e6c43d95a68a82b03b6f60106_jpg.rf.a456219c83b48269ce5adb48d513a350.jpg,1240,698,mask,370,122,474,222
w1240-p16x9-5f8aa310737f8e0e6c43d95a68a82b03b6f60106_jpg.rf.a456219c83b48269ce5adb48d513a350.jpg,1240,698,mask,487,259,600,367
w1240-p16x9-5f8aa310737f8e0e6c43d95a68a82b03b6f60106_jpg.rf.a456219c83b48269ce5adb48d513a350.jpg,1240,698,mask,604,93,681,189
so(19)_jpg.rf.97eeeb08001d4cbdb544ac3a57ff5ef3.jpg,1600,1067,mask,1254,335,1535,616
so(19)_jpg.rf.97eeeb08001d4cbdb544ac3a57ff5ef3.jpg,1600,1067,mask,716,214,912,413
so(19)_jpg.rf.97eeeb08001d4cbdb544ac3a57ff5ef3.jpg,1600,1067,mask,230,400,423,560
thai_cov-transmission030220_jpg.rf.91be1af29fa03c14769c8547e6b38978.jpg,1475,810,mask,1121,60,1199,141
thai_cov-transmission030220_jpg.rf.91be1af29fa03c14769c8547e6b38978.jpg,1475,810,mask,716,108,779,244
thai_cov-transmission030220_jpg.rf.91be1af29fa03c14769c8547e6b38978.jpg,1475,810,mask,411,19,562,251
thai_cov-transmission030220_jpg.rf.91be1af29fa03c14769c8547e6b38978.jpg,1475,810,mask,218,2,449,180
thai_cov-transmission030220_jpg.rf.91be1af29fa03c14769c8547e6b38978.jpg,1475,810,mask,529,95,625,268
thai_cov-transmission030220_jpg.rf.91be1af29fa03c14769c8547e6b38978.jpg,1475,810,mask,608,68,723,236
thai_cov-transmission030220_jpg.rf.91be1af29fa03c14769c8547e6b38978.jpg,1475,810,mask,1367,128,1430,227
thai_cov-transmission030220_jpg.rf.91be1af29fa03c14769c8547e6b38978.jpg,1475,810,mask,1171,105,1245,216
thai_cov-transmission030220_jpg.rf.91be1af29fa03c14769c8547e6b38978.jpg,1475,810,mask,1217,85,1349,219
thai_cov-transmission030220_jpg.rf.91be1af29fa03c14769c8547e6b38978.jpg,1475,810,mask,1057,97,1185,238
thai_cov-transmission030220_jpg.rf.91be1af29fa03c14769c8547e6b38978.jpg,1475,810,mask,904,33,1028,178
thai_cov-transmission030220_jpg.rf.91be1af29fa03c14769c8547e6b38978.jpg,1475,810,mask,932,122,1072,294
thai_cov-transmission030220_jpg.rf.91be1af29fa03c14769c8547e6b38978.jpg,1475,810,mask,952,347,1112,533
PRI_129079114_1580299603_195_jpg.rf.bdee5eb2f33604b0a266cb99611d37a4.jpg,2048,1539,mask,1115,389,1693,1178
PRI_129079114_1580299603_195_jpg.rf.bdee5eb2f33604b0a266cb99611d37a4.jpg,2048,1539,mask,294,121,1112,1142
-I1-MS09uaqsLdGTFkgnS0Rcg1mmPyAj95ySg_eckoM_jpeg.rf.b60002517c9371bba207314a49452cf1.jpg,1920,1277,mask,345,125,641,418
-I1-MS09uaqsLdGTFkgnS0Rcg1mmPyAj95ySg_eckoM_jpeg.rf.b60002517c9371bba207314a49452cf1.jpg,1920,1277,no-mask,1566,697,1667,799
-I1-MS09uaqsLdGTFkgnS0Rcg1mmPyAj95ySg_eckoM_jpeg.rf.b60002517c9371bba207314a49452cf1.jpg,1920,1277,mask,903,43,1194,347
1000x-1_jpg.rf.8ec74a748fd78ac625bf40b9cc3f276d.jpg,1000,666,no-mask,921,209,998,373
1000x-1_jpg.rf.8ec74a748fd78ac625bf40b9cc3f276d.jpg,1000,666,mask,495,86,611,263
1000x-1_jpg.rf.8ec74a748fd78ac625bf40b9cc3f276d.jpg,1000,666,mask,807,137,947,348
1000x-1_jpg.rf.8ec74a748fd78ac625bf40b9cc3f276d.jpg,1000,666,mask,685,371,857,606
1000x-1_jpg.rf.8ec74a748fd78ac625bf40b9cc3f276d.jpg,1000,666,no-mask,146,132,256,316
1000x-1_jpg.rf.8ec74a748fd78ac625bf40b9cc3f276d.jpg,1000,666,no-mask,606,102,722,272
1000x-1_jpg.rf.8ec74a748fd78ac625bf40b9cc3f276d.jpg,1000,666,no-mask,228,319,370,517
1000x-1_jpg.rf.8ec74a748fd78ac625bf40b9cc3f276d.jpg,1000,666,mask,417,141,539,327
1000x-1_jpg.rf.8ec74a748fd78ac625bf40b9cc3f276d.jpg,1000,666,mask,23,130,173,332
125895-untitled-design-30_jpg.rf.ac571fc87624d715f65c707a55fb6bc8.jpg,918,506,mask,710,0,740,38
125895-untitled-design-30_jpg.rf.ac571fc87624d715f65c707a55fb6bc8.jpg,918,506,mask,490,7,533,55
125895-untitled-design-30_jpg.rf.ac571fc87624d715f65c707a55fb6bc8.jpg,918,506,mask,354,3,383,30
125895-untitled-design-30_jpg.rf.ac571fc87624d715f65c707a55fb6bc8.jpg,918,506,mask,403,10,435,43
125895-untitled-design-30_jpg.rf.ac571fc87624d715f65c707a55fb6bc8.jpg,918,506,mask,216,6,265,73
125895-untitled-design-30_jpg.rf.ac571fc87624d715f65c707a55fb6bc8.jpg,918,506,mask,187,27,237,99
125895-untitled-design-30_jpg.rf.ac571fc87624d715f65c707a55fb6bc8.jpg,918,506,mask,100,229,211,361
125895-untitled-design-30_jpg.rf.ac571fc87624d715f65c707a55fb6bc8.jpg,918,506,mask,274,186,351,296
125895-untitled-design-30_jpg.rf.ac571fc87624d715f65c707a55fb6bc8.jpg,918,506,mask,348,101,419,190
125895-untitled-design-30_jpg.rf.ac571fc87624d715f65c707a55fb6bc8.jpg,918,506,mask,466,77,529,162
125895-untitled-design-30_jpg.rf.ac571fc87624d715f65c707a55fb6bc8.jpg,918,506,mask,484,148,559,243
125895-untitled-design-30_jpg.rf.ac571fc87624d715f65c707a55fb6bc8.jpg,918,506,mask,565,69,636,155
125895-untitled-design-30_jpg.rf.ac571fc87624d715f65c707a55fb6bc8.jpg,918,506,mask,723,36,770,100
125895-untitled-design-30_jpg.rf.ac571fc87624d715f65c707a55fb6bc8.jpg,918,506,mask,762,3,806,42
125895-untitled-design-30_jpg.rf.ac571fc87624d715f65c707a55fb6bc8.jpg,918,506,no-mask,667,35,707,86
r1000019q689461s9r0_jpg.rf.a9a68a09d726331332a9a5eb0087e5b9.jpg,640,959,mask,364,114,553,338
w1240-p16x9-6f1db5e0460631cfa98d2d6d8032942f81700bb0_jpg.rf.c35a2f1369d4d99b16a229d0f0d443e4.jpg,1240,698,no-mask,1027,7,1236,311
w1240-p16x9-6f1db5e0460631cfa98d2d6d8032942f81700bb0_jpg.rf.c35a2f1369d4d99b16a229d0f0d443e4.jpg,1240,698,mask,785,66,1042,392
w1240-p16x9-6f1db5e0460631cfa98d2d6d8032942f81700bb0_jpg.rf.c35a2f1369d4d99b16a229d0f0d443e4.jpg,1240,698,mask,426,204,702,500
w1240-p16x9-6f1db5e0460631cfa98d2d6d8032942f81700bb0_jpg.rf.c35a2f1369d4d99b16a229d0f0d443e4.jpg,1240,698,mask,114,339,342,585
virus_protection123_jpg.rf.b863088fea960d1630687e0d59cbce9a.jpg,800,600,mask,547,2,701,190
virus_protection123_jpg.rf.b863088fea960d1630687e0d59cbce9a.jpg,800,600,mask,321,71,432,207
virus_protection123_jpg.rf.b863088fea960d1630687e0d59cbce9a.jpg,800,600,mask,172,44,275,161
virus_protection123_jpg.rf.b863088fea960d1630687e0d59cbce9a.jpg,800,600,mask,32,118,125,210
r1p00017o8357s6sno6_jpg.rf.adeceb3bde01bf771fb86d3494cdc1c6.jpg,640,915,mask,259,6,461,262
1422808187-3291816118_jpg.rf.c4f6e44a8611a820f164374b8cc11c17.jpg,800,672,mask,257,132,532,457
0209-00176-076b1_jpg.rf.c95d18e12451276a0312e27c9389ef4c.jpg,600,400,mask,60,0,107,54
0209-00176-076b1_jpg.rf.c95d18e12451276a0312e27c9389ef4c.jpg,600,400,no-mask,115,34,205,146
0209-00176-076b1_jpg.rf.c95d18e12451276a0312e27c9389ef4c.jpg,600,400,mask,446,9,560,157
0209-00176-076b1_jpg.rf.c95d18e12451276a0312e27c9389ef4c.jpg,600,400,mask,226,37,327,152
012420_coronoa_masks_web_jpg.rf.aa87c46891116535f04447105006c814.jpg,1920,1080,no-mask,131,249,310,454
012420_coronoa_masks_web_jpg.rf.aa87c46891116535f04447105006c814.jpg,1920,1080,mask,1531,6,1637,72
012420_coronoa_masks_web_jpg.rf.aa87c46891116535f04447105006c814.jpg,1920,1080,mask,1691,417,1884,673
012420_coronoa_masks_web_jpg.rf.aa87c46891116535f04447105006c814.jpg,1920,1080,mask,1637,47,1803,282
012420_coronoa_masks_web_jpg.rf.aa87c46891116535f04447105006c814.jpg,1920,1080,mask,1362,11,1525,188
012420_coronoa_masks_web_jpg.rf.aa87c46891116535f04447105006c814.jpg,1920,1080,mask,1141,252,1325,474
012420_coronoa_masks_web_jpg.rf.aa87c46891116535f04447105006c814.jpg,1920,1080,mask,1181,5,1340,184
012420_coronoa_masks_web_jpg.rf.aa87c46891116535f04447105006c814.jpg,1920,1080,mask,861,10,1033,178
012420_coronoa_masks_web_jpg.rf.aa87c46891116535f04447105006c814.jpg,1920,1080,mask,419,7,576,172
012420_coronoa_masks_web_jpg.rf.aa87c46891116535f04447105006c814.jpg,1920,1080,mask,864,186,1027,393
012420_coronoa_masks_web_jpg.rf.aa87c46891116535f04447105006c814.jpg,1920,1080,mask,906,577,1090,812
012420_coronoa_masks_web_jpg.rf.aa87c46891116535f04447105006c814.jpg,1920,1080,mask,997,684,1214,927
012420_coronoa_masks_web_jpg.rf.aa87c46891116535f04447105006c814.jpg,1920,1080,mask,627,845,837,1060
012420_coronoa_masks_web_jpg.rf.aa87c46891116535f04447105006c814.jpg,1920,1080,mask,6,751,190,1013
012420_coronoa_masks_web_jpg.rf.aa87c46891116535f04447105006c814.jpg,1920,1080,mask,245,577,388,779
012420_coronoa_masks_web_jpg.rf.aa87c46891116535f04447105006c814.jpg,1920,1080,mask,152,651,332,877
012420_coronoa_masks_web_jpg.rf.aa87c46891116535f04447105006c814.jpg,1920,1080,mask,48,105,220,292
012420_coronoa_masks_web_jpg.rf.aa87c46891116535f04447105006c814.jpg,1920,1080,mask,449,272,649,486
so(24) (1)_jpg.rf.c3be9c3a5b0a4cfc31163890ef75878a.jpg,1600,1067,mask,1055,253,1372,560
so(24) (1)_jpg.rf.c3be9c3a5b0a4cfc31163890ef75878a.jpg,1600,1067,mask,764,364,955,556
so(24) (1)_jpg.rf.c3be9c3a5b0a4cfc31163890ef75878a.jpg,1600,1067,mask,574,419,637,521
so(24) (1)_jpg.rf.c3be9c3a5b0a4cfc31163890ef75878a.jpg,1600,1067,mask,474,390,596,524
so(24) (1)_jpg.rf.c3be9c3a5b0a4cfc31163890ef75878a.jpg,1600,1067,mask,188,41,492,367
15-08608-001_jpg.rf.b6002e422a9fa0b261b1c038574326d8.jpg,852,431,no-mask,95,118,200,258
15-08608-001_jpg.rf.b6002e422a9fa0b261b1c038574326d8.jpg,852,431,mask,616,118,707,249
15-08608-001_jpg.rf.b6002e422a9fa0b261b1c038574326d8.jpg,852,431,mask,498,8,590,141
15-08608-001_jpg.rf.b6002e422a9fa0b261b1c038574326d8.jpg,852,431,mask,229,37,311,179
rally-against-an-anti-mask-law-meant-to-deter-anti-government-protesters-in-hong-kong-china-shutterstock-editorial-10435716z_jpg.rf.c062c7b234046ead0701f794e6311faf.jpg,1500,1000,mask,339,240,433,341
rally-against-an-anti-mask-law-meant-to-deter-anti-government-protesters-in-hong-kong-china-shutterstock-editorial-10435716z_jpg.rf.c062c7b234046ead0701f794e6311faf.jpg,1500,1000,mask,1373,420,1458,505
rally-against-an-anti-mask-law-meant-to-deter-anti-government-protesters-in-hong-kong-china-shutterstock-editorial-10435716z_jpg.rf.c062c7b234046ead0701f794e6311faf.jpg,1500,1000,mask,1350,317,1414,395
rally-against-an-anti-mask-law-meant-to-deter-anti-government-protesters-in-hong-kong-china-shutterstock-editorial-10435716z_jpg.rf.c062c7b234046ead0701f794e6311faf.jpg,1500,1000,mask,1104,388,1173,463
rally-against-an-anti-mask-law-meant-to-deter-anti-government-protesters-in-hong-kong-china-shutterstock-editorial-10435716z_jpg.rf.c062c7b234046ead0701f794e6311faf.jpg,1500,1000,mask,1316,380,1401,483
rally-against-an-anti-mask-law-meant-to-deter-anti-government-protesters-in-hong-kong-china-shutterstock-editorial-10435716z_jpg.rf.c062c7b234046ead0701f794e6311faf.jpg,1500,1000,mask,1013,363,1098,481
rally-against-an-anti-mask-law-meant-to-deter-anti-government-protesters-in-hong-kong-china-shutterstock-editorial-10435716z_jpg.rf.c062c7b234046ead0701f794e6311faf.jpg,1500,1000,mask,1146,208,1345,433
rally-against-an-anti-mask-law-meant-to-deter-anti-government-protesters-in-hong-kong-china-shutterstock-editorial-10435716z_jpg.rf.c062c7b234046ead0701f794e6311faf.jpg,1500,1000,mask,667,63,835,263
rally-against-an-anti-mask-law-meant-to-deter-anti-government-protesters-in-hong-kong-china-shutterstock-editorial-10435716z_jpg.rf.c062c7b234046ead0701f794e6311faf.jpg,1500,1000,mask,325,319,428,441
rally-against-an-anti-mask-law-meant-to-deter-anti-government-protesters-in-hong-kong-china-shutterstock-editorial-10435716z_jpg.rf.c062c7b234046ead0701f794e6311faf.jpg,1500,1000,mask,122,209,296,461
rally-against-an-anti-mask-law-meant-to-deter-anti-government-protesters-in-hong-kong-china-shutterstock-editorial-10435716z_jpg.rf.c062c7b234046ead0701f794e6311faf.jpg,1500,1000,mask,17,387,152,516
rally-against-an-anti-mask-law-meant-to-deter-anti-government-protesters-in-hong-kong-china-shutterstock-editorial-10435716z_jpg.rf.c062c7b234046ead0701f794e6311faf.jpg,1500,1000,mask,9,226,121,367
1477443223-1445746883_jpg.rf.c73a19f37296ace6c3cd12ba54eec28a.jpg,800,527,mask,490,55,742,369
1477443223-1445746883_jpg.rf.c73a19f37296ace6c3cd12ba54eec28a.jpg,800,527,mask,26,74,243,323
virus_jpg.rf.b9f52d79c98588703b7d55cfc9cd7a78.jpg,950,633,mask,675,157,757,229
virus_jpg.rf.b9f52d79c98588703b7d55cfc9cd7a78.jpg,950,633,mask,541,135,628,229
virus_jpg.rf.b9f52d79c98588703b7d55cfc9cd7a78.jpg,950,633,mask,330,181,402,251
virus_jpg.rf.b9f52d79c98588703b7d55cfc9cd7a78.jpg,950,633,mask,202,130,284,203
virus_jpg.rf.b9f52d79c98588703b7d55cfc9cd7a78.jpg,950,633,mask,29,46,138,160
1553605632_9d5877d8_60_jpg.rf.dac19d9ceded61285f48c70d285f0f49.jpg,1024,768,mask,803,615,859,683
1553605632_9d5877d8_60_jpg.rf.dac19d9ceded61285f48c70d285f0f49.jpg,1024,768,mask,868,579,954,708
1553605632_9d5877d8_60_jpg.rf.dac19d9ceded61285f48c70d285f0f49.jpg,1024,768,mask,755,502,838,589
1553605632_9d5877d8_60_jpg.rf.dac19d9ceded61285f48c70d285f0f49.jpg,1024,768,mask,205,534,360,728
1553605632_9d5877d8_60_jpg.rf.dac19d9ceded61285f48c70d285f0f49.jpg,1024,768,mask,4,484,173,678
1553605632_9d5877d8_60_jpg.rf.dac19d9ceded61285f48c70d285f0f49.jpg,1024,768,mask,61,135,127,209
1553605632_9d5877d8_60_jpg.rf.dac19d9ceded61285f48c70d285f0f49.jpg,1024,768,mask,107,68,174,166
012106_jpg_1140x855_jpg.rf.b2002b96c6972613f93d98f69f0efdee.jpg,1140,855,mask,612,45,979,519
1580173904-0001oc33f_jpg.rf.e46d2ed9d2510b71264546bc047bf9df.jpg,1200,675,mask,369,220,401,257
1580173904-0001oc33f_jpg.rf.e46d2ed9d2510b71264546bc047bf9df.jpg,1200,675,mask,2,209,33,261
1580173904-0001oc33f_jpg.rf.e46d2ed9d2510b71264546bc047bf9df.jpg,1200,675,mask,520,231,545,271
1580173904-0001oc33f_jpg.rf.e46d2ed9d2510b71264546bc047bf9df.jpg,1200,675,mask,16,254,89,331
1580173904-0001oc33f_jpg.rf.e46d2ed9d2510b71264546bc047bf9df.jpg,1200,675,mask,126,230,156,271
1580173904-0001oc33f_jpg.rf.e46d2ed9d2510b71264546bc047bf9df.jpg,1200,675,mask,297,204,331,249
1580173904-0001oc33f_jpg.rf.e46d2ed9d2510b71264546bc047bf9df.jpg,1200,675,mask,356,264,428,351
1580173904-0001oc33f_jpg.rf.e46d2ed9d2510b71264546bc047bf9df.jpg,1200,675,mask,47,313,143,401
1580173904-0001oc33f_jpg.rf.e46d2ed9d2510b71264546bc047bf9df.jpg,1200,675,mask,179,212,294,341
1580173904-0001oc33f_jpg.rf.e46d2ed9d2510b71264546bc047bf9df.jpg,1200,675,mask,742,244,786,298
1580173904-0001oc33f_jpg.rf.e46d2ed9d2510b71264546bc047bf9df.jpg,1200,675,mask,777,278,850,369
1580173904-0001oc33f_jpg.rf.e46d2ed9d2510b71264546bc047bf9df.jpg,1200,675,mask,656,269,730,354
1580173904-0001oc33f_jpg.rf.e46d2ed9d2510b71264546bc047bf9df.jpg,1200,675,mask,434,226,514,345
1580173904-0001oc33f_jpg.rf.e46d2ed9d2510b71264546bc047bf9df.jpg,1200,675,mask,497,328,614,474
1580173904-0001oc33f_jpg.rf.e46d2ed9d2510b71264546bc047bf9df.jpg,1200,675,mask,1090,372,1173,554
1580173904-0001oc33f_jpg.rf.e46d2ed9d2510b71264546bc047bf9df.jpg,1200,675,mask,921,251,1127,535
1539151332674193npsrq70_jpg.rf.e5f5500c15efd9f28d6bb2536dbba4fe.jpg,640,960,mask,203,65,319,194
sdfsdfsfff_jpg.rf.de8549155f84a7f30cd5f9f88f6c58b3.jpg,1280,720,mask,485,4,855,495
sars-gettyimages-157005245_jpg.rf.e6d5283c235edb22b1eb63fc0f8e47e9.jpg,1200,675,mask,1141,278,1182,338
sars-gettyimages-157005245_jpg.rf.e6d5283c235edb22b1eb63fc0f8e47e9.jpg,1200,675,mask,774,242,940,411
sars-gettyimages-157005245_jpg.rf.e6d5283c235edb22b1eb63fc0f8e47e9.jpg,1200,675,mask,160,26,564,434
sars-gettyimages-157005245_jpg.rf.e6d5283c235edb22b1eb63fc0f8e47e9.jpg,1200,675,mask,119,215,331,504
r1p00017o82psp0o0or_jpg.rf.f0f90c07761eece753f02beac72d5efe.jpg,640,959,mask,308,91,525,323
1288788-une-employee-aide-des-voyageurs-en-provenance-de-chine-le-26-janvier-2020-a-l-aeroport-de-roissy_jpg.rf.d47cf1cb16e3f73965871b18e510cf8b.jpg,960,638,no-mask,847,8,956,156
1288788-une-employee-aide-des-voyageurs-en-provenance-de-chine-le-26-janvier-2020-a-l-aeroport-de-roissy_jpg.rf.d47cf1cb16e3f73965871b18e510cf8b.jpg,960,638,no-mask,392,125,547,350
1288788-une-employee-aide-des-voyageurs-en-provenance-de-chine-le-26-janvier-2020-a-l-aeroport-de-roissy_jpg.rf.d47cf1cb16e3f73965871b18e510cf8b.jpg,960,638,mask,560,137,701,333
1288788-une-employee-aide-des-voyageurs-en-provenance-de-chine-le-26-janvier-2020-a-l-aeroport-de-roissy_jpg.rf.d47cf1cb16e3f73965871b18e510cf8b.jpg,960,638,mask,263,13,405,224
1042977068_jpg.rf.ee48a69fd6f710987596e8fdd2eea713.jpg,1000,541,mask,736,128,794,204
1042977068_jpg.rf.ee48a69fd6f710987596e8fdd2eea713.jpg,1000,541,mask,514,98,592,203
1042977068_jpg.rf.ee48a69fd6f710987596e8fdd2eea713.jpg,1000,541,mask,310,8,397,118
000_1ov3n5_0_jpeg.rf.edad89426b118f4c76ba4ae3790b3f31.jpg,1240,698,mask,466,58,692,276
1125506397_15801322207531n_jpg.rf.e14312be41c570c14c752fd250256aa3.jpg,899,599,mask,692,141,754,219
1125506397_15801322207531n_jpg.rf.e14312be41c570c14c752fd250256aa3.jpg,899,599,mask,435,148,494,229
1125506397_15801322207531n_jpg.rf.e14312be41c570c14c752fd250256aa3.jpg,899,599,mask,227,100,288,180
PhotoGrid_1580452532909_jpg.rf.d262d228da16f4c2dd6e613288aee5df.jpg,1838,960,mask,1700,222,1812,346
PhotoGrid_1580452532909_jpg.rf.d262d228da16f4c2dd6e613288aee5df.jpg,1838,960,mask,1471,246,1593,368
PhotoGrid_1580452532909_jpg.rf.d262d228da16f4c2dd6e613288aee5df.jpg,1838,960,mask,1312,221,1419,329
PhotoGrid_1580452532909_jpg.rf.d262d228da16f4c2dd6e613288aee5df.jpg,1838,960,mask,1153,225,1253,334
PhotoGrid_1580452532909_jpg.rf.d262d228da16f4c2dd6e613288aee5df.jpg,1838,960,mask,997,189,1090,292
PhotoGrid_1580452532909_jpg.rf.d262d228da16f4c2dd6e613288aee5df.jpg,1838,960,mask,759,192,864,304
PhotoGrid_1580452532909_jpg.rf.d262d228da16f4c2dd6e613288aee5df.jpg,1838,960,mask,566,158,661,271
PhotoGrid_1580452532909_jpg.rf.d262d228da16f4c2dd6e613288aee5df.jpg,1838,960,mask,465,121,550,232
PhotoGrid_1580452532909_jpg.rf.d262d228da16f4c2dd6e613288aee5df.jpg,1838,960,mask,371,200,474,326
PhotoGrid_1580452532909_jpg.rf.d262d228da16f4c2dd6e613288aee5df.jpg,1838,960,mask,197,197,305,323
PhotoGrid_1580452532909_jpg.rf.d262d228da16f4c2dd6e613288aee5df.jpg,1838,960,mask,8,185,110,313
Untitled-design-13_png.rf.ff8d68dfee2ede269856144ec3380659.jpg,560,315,mask,270,102,382,219
1-200102094256105_png.rf.d2ed0c139e4e35ee8889a3a8379348fb.jpg,739,647,mask,225,49,553,456
RTX1GIDS_jpg.rf.dcc330d53db202ef81677d14e4e30cd9.jpg,937,552,no-mask,618,10,670,74
RTX1GIDS_jpg.rf.dcc330d53db202ef81677d14e4e30cd9.jpg,937,552,no-mask,362,4,467,127
RTX1GIDS_jpg.rf.dcc330d53db202ef81677d14e4e30cd9.jpg,937,552,no-mask,165,66,220,138
RTX1GIDS_jpg.rf.dcc330d53db202ef81677d14e4e30cd9.jpg,937,552,no-mask,2,85,47,165
RTX1GIDS_jpg.rf.dcc330d53db202ef81677d14e4e30cd9.jpg,937,552,mask,206,50,277,141
RTX1GIDS_jpg.rf.dcc330d53db202ef81677d14e4e30cd9.jpg,937,552,mask,687,45,908,331
RTX1GIDS_jpg.rf.dcc330d53db202ef81677d14e4e30cd9.jpg,937,552,mask,220,101,461,417
Surgical-Mask-Effectiveness_jpg.rf.f1df6e057fc624a11625a316cc488d98.jpg,1000,500,mask,467,28,842,469
Surgical-Mask-Effectiveness_jpg.rf.f1df6e057fc624a11625a316cc488d98.jpg,1000,500,mask,139,51,501,450
1133x768_20200130000023_jpg.rf.e8a099312aa174af48c5914c4986f91a.jpg,1024,694,mask,865,70,1021,267
1133x768_20200130000023_jpg.rf.e8a099312aa174af48c5914c4986f91a.jpg,1024,694,mask,468,32,668,267
1133x768_20200130000023_jpg.rf.e8a099312aa174af48c5914c4986f91a.jpg,1024,694,mask,235,76,371,275
1133x768_20200130000023_jpg.rf.e8a099312aa174af48c5914c4986f91a.jpg,1024,694,mask,80,98,251,314
remote (1)_jpeg.rf.f2472419ac8ebfc38ba9bb5e215e11f8.jpg,920,690,mask,595,403,697,508
remote (1)_jpeg.rf.f2472419ac8ebfc38ba9bb5e215e11f8.jpg,920,690,mask,523,155,616,272
remote (1)_jpeg.rf.f2472419ac8ebfc38ba9bb5e215e11f8.jpg,920,690,mask,417,219,522,345
remote (1)_jpeg.rf.f2472419ac8ebfc38ba9bb5e215e11f8.jpg,920,690,mask,123,97,271,281
skypost16012020a01s_jpg.rf.f6eebdde4cc1270b8719743d530adae5.jpg,1180,618,no-mask,786,43,868,137
skypost16012020a01s_jpg.rf.f6eebdde4cc1270b8719743d530adae5.jpg,1180,618,no-mask,1002,66,1087,168
skypost16012020a01s_jpg.rf.f6eebdde4cc1270b8719743d530adae5.jpg,1180,618,no-mask,1099,144,1172,271
skypost16012020a01s_jpg.rf.f6eebdde4cc1270b8719743d530adae5.jpg,1180,618,no-mask,639,311,792,466
skypost16012020a01s_jpg.rf.f6eebdde4cc1270b8719743d530adae5.jpg,1180,618,no-mask,682,226,816,355
skypost16012020a01s_jpg.rf.f6eebdde4cc1270b8719743d530adae5.jpg,1180,618,no-mask,601,121,693,248
skypost16012020a01s_jpg.rf.f6eebdde4cc1270b8719743d530adae5.jpg,1180,618,no-mask,530,90,621,208
skypost16012020a01s_jpg.rf.f6eebdde4cc1270b8719743d530adae5.jpg,1180,618,no-mask,248,89,351,215
skypost16012020a01s_jpg.rf.f6eebdde4cc1270b8719743d530adae5.jpg,1180,618,no-mask,103,117,207,230
skypost16012020a01s_jpg.rf.f6eebdde4cc1270b8719743d530adae5.jpg,1180,618,no-mask,176,156,280,300
skypost16012020a01s_jpg.rf.f6eebdde4cc1270b8719743d530adae5.jpg,1180,618,no-mask,168,292,292,420
skypost16012020a01s_jpg.rf.f6eebdde4cc1270b8719743d530adae5.jpg,1180,618,no-mask,334,244,462,403
skypost16012020a01s_jpg.rf.f6eebdde4cc1270b8719743d530adae5.jpg,1180,618,mask,933,279,1099,464
skypost16012020a01s_jpg.rf.f6eebdde4cc1270b8719743d530adae5.jpg,1180,618,mask,451,231,587,404
ST_20170401_EASAND_3046471_jpg.rf.ca0eebad80feebefc05d7c52c0f11d65.jpg,780,520,mask,649,11,746,123
ST_20170401_EASAND_3046471_jpg.rf.ca0eebad80feebefc05d7c52c0f11d65.jpg,780,520,mask,616,34,682,133
ST_20170401_EASAND_3046471_jpg.rf.ca0eebad80feebefc05d7c52c0f11d65.jpg,780,520,mask,531,24,626,138
ST_20170401_EASAND_3046471_jpg.rf.ca0eebad80feebefc05d7c52c0f11d65.jpg,780,520,mask,462,44,541,159
ST_20170401_EASAND_3046471_jpg.rf.ca0eebad80feebefc05d7c52c0f11d65.jpg,780,520,mask,400,78,488,190
ST_20170401_EASAND_3046471_jpg.rf.ca0eebad80feebefc05d7c52c0f11d65.jpg,780,520,mask,345,61,425,169
ST_20170401_EASAND_3046471_jpg.rf.ca0eebad80feebefc05d7c52c0f11d65.jpg,780,520,mask,142,80,238,189
ST_20170401_EASAND_3046471_jpg.rf.ca0eebad80feebefc05d7c52c0f11d65.jpg,780,520,mask,8,80,93,186
1580166133-5b61094cac11561b0cbe09826e32a924_jpg.rf.fd801022283d5bce8079887db2ef980c.jpg,3932,2621,mask,26,1037,814,2467
1580166133-5b61094cac11561b0cbe09826e32a924_jpg.rf.fd801022283d5bce8079887db2ef980c.jpg,3932,2621,mask,415,189,1071,1011
1580166133-5b61094cac11561b0cbe09826e32a924_jpg.rf.fd801022283d5bce8079887db2ef980c.jpg,3932,2621,mask,203,577,874,1410
1580166133-5b61094cac11561b0cbe09826e32a924_jpg.rf.fd801022283d5bce8079887db2ef980c.jpg,3932,2621,mask,959,536,1684,1583
1580166133-5b61094cac11561b0cbe09826e32a924_jpg.rf.fd801022283d5bce8079887db2ef980c.jpg,3932,2621,mask,2396,6,3010,672
1580166133-5b61094cac11561b0cbe09826e32a924_jpg.rf.fd801022283d5bce8079887db2ef980c.jpg,3932,2621,mask,3314,8,3915,757
1580166133-5b61094cac11561b0cbe09826e32a924_jpg.rf.fd801022283d5bce8079887db2ef980c.jpg,3932,2621,mask,3035,970,3859,1999
1580166133-5b61094cac11561b0cbe09826e32a924_jpg.rf.fd801022283d5bce8079887db2ef980c.jpg,3932,2621,mask,1708,649,2698,2001
skynews-coronavirus-london-fashion-week_4920359_jpg.rf.cc22ab2e0f2d8f3472a7ddcfa6177fb7.jpg,2048,1152,mask,360,465,739,893
skynews-coronavirus-london-fashion-week_4920359_jpg.rf.cc22ab2e0f2d8f3472a7ddcfa6177fb7.jpg,2048,1152,mask,771,336,1175,753
skynews-coronavirus-london-fashion-week_4920359_jpg.rf.cc22ab2e0f2d8f3472a7ddcfa6177fb7.jpg,2048,1152,mask,1396,282,1790,723
0_10725_jpg.rf.cde494b05911f991c3cc31c8670044b9.jpg,620,434,mask,448,200,547,311
0_10725_jpg.rf.cde494b05911f991c3cc31c8670044b9.jpg,620,434,mask,142,112,225,208
0_10725_jpg.rf.cde494b05911f991c3cc31c8670044b9.jpg,620,434,no-mask,364,101,452,198
0_10725_jpg.rf.cde494b05911f991c3cc31c8670044b9.jpg,620,434,no-mask,83,196,183,315